title,siglum,description,rism,date,century,provenance,provenance_detail,segment,summary,indexing_notes,liturgical_occasions,indexing_date,drupal_path,cursus,image_link,n_cantus_chants,n_cantus_melodies
"Benevento, Archivio Capitolare, V 19","I-BV V 19",,,,"12th century",Benevento,,,,,,,"http://cantus.uwaterloo.ca/source/123595",Secular,,,
"Einsiedeln, Kloster Einsiedeln - Musikbibliothek, 611","CH-E 611",,,,"14th century",Einsiedeln,,,,,,,"http://cantus.uwaterloo.ca/source/123606",Monastic,,,
"Sankt Gallen, Stiftsbibliothek, 388","CH-SGs 388",,,,"12th century","St. Gallen",,,,,,,"http://cantus.uwaterloo.ca/source/123750",,,,
"Sankt Gallen, Stiftsbibliothek, 391","CH-SGs 391",,,,"10th century","St. Gallen",,,,,,,"http://cantus.uwaterloo.ca/source/123718",Monastic,,,
"Berlin, Staatsbibliothek zu Berlin Preußischer Kulturbesitz, Mus. 40047","D-B Mus. 40047",,,,"11th century",Quedlinburg,,,,,,,"http://cantus.uwaterloo.ca/source/123688",Secular,,,
"Firenze (Florence), Arcivescovado - Biblioteca, s.c.",I-Far,,,,"12th century",Firenze,,,,,,,"http://cantus.uwaterloo.ca/source/123607",Secular,,,
"Firenze (Florence), Biblioteca Medicea-Laurenziana, Conv. sopp. 560","I-Fl Conv. sopp. 560",,,,"12th century",Vallombrosa,,,,,,,"http://cantus.uwaterloo.ca/source/123608",Monastic,,,
"Mainz, Bischöfliches Dom- und Diözesanmuseum, D","D-MZb D",,,,"15th century (1425-1450)",Mainz,,,,,,,"http://cantus.uwaterloo.ca/source/123623",Secular,,,
"München, Franziskanerkloster St. Anna - Bibliothek, 12o Cmm 1","D-Ma 12o Cmm 1",,,,"13th century (1225-1250)",Italy,,,,,,,"http://cantus.uwaterloo.ca/source/123673",Secular,,,
"München, Bayerische Staatsbibliothek, Clm 4305","D-Mbs Clm 4305",,,,"15th century (1450-1475)",Augsburg,,,,,,,"http://cantus.uwaterloo.ca/source/123683",Monastic,,,
"München, Bayerische Staatsbibliothek, Clm 4306","D-Mbs Clm 4306",,,,"16th century (1500-1525)",Augsburg,,,,,,,"http://cantus.uwaterloo.ca/source/123684",Monastic,,,
"Wolfenbüttel, Herzog August Bibliothek - Cod. Guelf. 28 Helmst. (Heinemann-Nr. 31)","D-W 28 Helmst.",,,,"16th century (1500-1525)",Hilwartshausen,,,,,,,"http://cantus.uwaterloo.ca/source/123716",Secular,,,
"Salamanca, Catedral - Archivo Musical, 7","E-SA 7",,,,"14th century",Salamanca,,,,,,,"http://cantus.uwaterloo.ca/source/123651",Secular,,,
"Toledo, Catedral - Archivo y Biblioteca Capítulares, 44.1","E-Tc 44.1",,,,"11th century (1000-1025)",Tavèrnoles,,,,,,,"http://cantus.uwaterloo.ca/source/123638",Secular,,,
"Toledo, Catedral - Archivo y Biblioteca Capítulares, 44.2","E-Tc 44.2",,,,"11th century (1075-1100)",Toledo,,,,,,,"http://cantus.uwaterloo.ca/source/123639",Secular,,,
"Paris, Bibliothèque nationale de France - Département des Manuscrits, Latin 1090","F-Pn Lat. 1090",,,,"12th century (1175-1200)",Marseille,,,,,,,"http://cantus.uwaterloo.ca/source/123627",Secular,,,
"Paris, Bibliothèque nationale de France - Département des Manuscrits, Latin 12601","F-Pn Lat. 12601",,,,"11th century (1075-1100)","St. Taurin",,,,,,,"http://cantus.uwaterloo.ca/source/123630",Monastic,,,
"Valenciennes, Bibliothèque municipale, 114","F-VAL 114",,,,"12th century","St-Amand Abbey",,,,,,,"http://cantus.uwaterloo.ca/source/123642",Monastic,,,
"Aberystwyth, Llyfrgell Genedlaethol Cymru (National Library of Wales), 20541 E","GB-AB 20541 E",,,,"14th century (1300-1325)",Wales,,,,,,,"http://cantus.uwaterloo.ca/source/123592",Secular,,,
"Cambridge, University Library, Mm.ii.9","GB-Cu Mm.ii.9",,,,"13th century",Barnwell,,,,,,,"http://cantus.uwaterloo.ca/source/123603",Secular,,,
"Worcester, Cathedral - Music Library, F.160 (olim 1247) (with hymnal)","GB-WO F.160",,,,"13th century (1225-1250)",Worcester,,,,,,,"http://cantus.uwaterloo.ca/source/123647",Monastic,,,
"Worcester, Cathedral - Music Library, F.160 (olim 1247) (facsimile)","GB-WO F.160 (Facs)",,,,"13th century (1225-1250)",Worcester,,,,,,,"http://cantus.uwaterloo.ca/source/123646",Monastic,,,
"Budapest, Egyetemi Könyvtár (University Library), lat. 121","H-Bu lat. 121",,,,"14th century",Franciscan,,,,,,,"http://cantus.uwaterloo.ca/source/123599",Secular,,,
"Dubrovnik, Franjevački Samostan (Franciscan Monastery), Cod. E Nr. 3","HR-Hf Cod. E",,,,"15th century (2nd half)",Venice,,,,,,,"http://cantus.uwaterloo.ca/source/123721",Secular,,,
"Assisi, Biblioteca comunale, 693","I-Ac 693",,,,"13th century",Italy,,,,,,,"http://cantus.uwaterloo.ca/source/123670",Secular,,,
"Assisi, Biblioteca comunale, 694","I-Ac 694",,,,"13th century",Italy,,,,,,,"http://cantus.uwaterloo.ca/source/123669",Secular,,,
"Assisi, Cattedrale San Rufino - Archivio e Biblioteca, 5","I-Ad 5",,,,"13th century (1225-1250)",Italy,,,,,,,"http://cantus.uwaterloo.ca/source/123675",Secular,,,
"Napoli, Biblioteca nazionale Vittorio Emanuele III, vi. E. 20","I-Nn vi.E.20",,,,"13th century",Italy,,,,,,,"http://cantus.uwaterloo.ca/source/123674",Secular,,,
"Roma, Biblioteca Vallicelliana, C.5","I-Rv C.5",,,,"11th century","Rome (Roma)",,,,,,,"http://cantus.uwaterloo.ca/source/123635",Monastic,,,
"Utrecht, Universiteitsbibliotheek, Ms. 406 (shelfmark 3 J 7)","NL-Uu 406 (3 J 7)",,,,"12th century",Utrecht,,,,,,,"http://cantus.uwaterloo.ca/source/123641",Secular,,,
"Zutphen, Stadsarchief en Stedelijke Bibliotheek, 6","NL-ZUa 6",,,,"15th century",Zutphen,,,,,,,"http://cantus.uwaterloo.ca/source/123648",,,,
"Wellington (New Zealand), The Alexander Turnbull Library - Rare Books, MSR-03","NZ-Wt MSR-03",,,,"15th century (2nd half)",Amersfoort,,,,,,,"http://cantus.uwaterloo.ca/source/599679",Secular,,,
"Franciscan antiphoner, John J. Burns Library, Boston College MS.1996.097","US-CHNbcbl 097",,,,"14th century (1st half)",Franciscan,,,,,,,"http://cantus.uwaterloo.ca/source/656252",,,,
"Chicago, Newberry Library, 24","US-Cn 24",,,,"13th century",Italy,,,,,,,"http://cantus.uwaterloo.ca/source/123671",Secular,,,
"Città del Vaticano (Roma), Biblioteca Apostolica Vaticana, San Pietro B.79","V-CVbav B.79",,,,"12th century","Rome (Roma)",,,,,,,"http://cantus.uwaterloo.ca/source/123661",Secular,,,
"P-BRs (Braga) Arquivo da Sé Ms. 028","P-BRs Ms. 028",,,,"16th century (first quarter)","Braga, Catedral",,,,,,,"http://pemdatabase.eu/source/48438",Secular,,,
"PL-PŁsem MsEPl 15 Antyfonarz z Płocka, pars de sanctis","MsEPl 15",,,,"15th century",Płock,,,,,,,"http://cantus.ispan.pl/source/14458",,,,
"PL-STAb 4 Antiphonarium","ms. 4",,,,"16th century",Staniątki,,,,,,,"http://cantus.ispan.pl/source/22280",,,,
"Graz, Universitätsbibliothek, 30 (olim 38/9 f.)","A-Gu 30",,,,"14th century",St-Lambrecht,,,,,,,"http://cantus.uwaterloo.ca/source/123611",Monastic,,,
"Klosterneuburg, Augustiner-Chorherrenstift - Bibliothek, 1012","A-KN 1012",,,,"12th century",Klosterneuburg,,,,,,,"http://cantus.uwaterloo.ca/source/123613",Secular,,,
"Klosterneuburg, Augustiner-Chorherrenstift - Bibliothek, 1018","A-KN 1018",,,,"14th century",Klosterneuburg,,,,,,,"http://cantus.uwaterloo.ca/source/123616",Secular,,,
"Klosterneuburg, Augustiner-Chorherrenstift - Bibliothek, 589","A-KN 589",,,,"14th century",Klosterneuburg,,,,,,,"http://cantus.uwaterloo.ca/source/123656",Secular,,,
"Kremsmünster, Benediktiner-Stift Kremsmünster - Musikarchiv, Schachtel VI/258","A-KR VI/258",,,,"13th century (2nd half)","St. Pölten",,,,,,,"http://cantus.uwaterloo.ca/source/123660",Secular,,,
"Linz, Oberösterreichische Landesbibliothek, 290 (olim 183; Gamma p.19)","A-LIs 290",,,,"12th century",Kremsmünster,,,,,,,"http://cantus.uwaterloo.ca/source/123617",Monastic,,,
"Sankt Florian, Augustiner-Chorherrenstift - Bibliothek und Musikarchiv, XI 480","A-SF XI 480",,,,"14th century",St-Florian,,,,,,,"http://cantus.uwaterloo.ca/source/123658",Secular,,,
"Vorau, Stiftsbibliothek, 287 (olim XXIX)","A-VOR 287",,,,"14th century",Vorau,,,,,,,"http://cantus.uwaterloo.ca/source/123643",Secular,,,
"Wien, Österreichische Nationalbibliothek - Handschriftensammlung, 1799**","A-Wn 1799**",,,,"13th century",Rein,,,,,,,"http://cantus.uwaterloo.ca/source/123667",Monastic,,,
"Wien, Österreichische Nationalbibliothek - Musiksammlung, 1890","A-Wn 1890",,,,"12th century","Southern Germany / Austria",,,,,,,"http://cantus.uwaterloo.ca/source/123713",Monastic,,,
"Gent, Universiteitsbibliotheek, Hs BKT.006 ("Tsgrooten Antiphoner")","B-Gu Hs BKT.006",,,,"16th century (1500-1525)",Tongerloo,,,,,,,"http://cantus.uwaterloo.ca/source/702611",Secular,,,
"Aachen (Aix-la-Chapelle), Domarchiv, G 20","D-AAm G 20",,,,"13th century (2nd half)",Aachen,,,,,,,"http://cantus.uwaterloo.ca/source/123714",Secular,,,
"Karlsruhe, Badische Landesbibliothek - Musikabteilung, Aug. LX","D-KA Aug. LX",,,,"12th century",Zwiefalten,,,,,,,"http://cantus.uwaterloo.ca/source/123612",Monastic,,,
"Leipzig, Universitätsbibliothek, Rep. I 93","D-LEu Rep. I 93",,,,"10th century (900-925)",Metz,,,,,,,"http://cantus.uwaterloo.ca/source/641834",Monastic,,,
"Stuttgart, Württembergische Landesbibliothek, HB.I.55","D-Sl HB.I.55",,,,"12th century",Weingarten,,,,,,,"http://cantus.uwaterloo.ca/source/123637",Monastic,,,
"København (Copenhagen), Det kongelige Bibliotek Slotsholmen, Gl. Kgl. S. 3449, 8o [06] VI","DK-Kk 3449 8o [06] VI",,,,"16th century (1575-1600)",Augsburg,,,,,,,"http://cantus.uwaterloo.ca/source/123694",Secular,,,
"København (Copenhagen), Det kongelige Bibliotek Slotsholmen, Gl. Kgl. S. 3449, 8o [11] XI","DK-Kk 3449 8o [11] XI",,,,"16th century (1575-1600)",Augsburg,,,,,,,"http://cantus.uwaterloo.ca/source/123699",Secular,,,
"Arras, Bibliothèque municipale, 893 (olim 465)","F-AS 893",,,,"14th century",Arras,,,,,,,"http://cantus.uwaterloo.ca/source/123593",Monastic,,,
"Cambrai, Bibliothèque municipale, 38 (olim 40)","F-CA 38",,,,"13th century (1225-1250)",Cambrai,,,,,,,"http://cantus.uwaterloo.ca/source/123601",Secular,,,
"Cambrai, Bibliothèque municipale, Impr. XVI C 4","F-CA Impr. XVI C 4",,,,"16th century (1500-1525)",Cambrai,,,,,,,"http://cantus.uwaterloo.ca/source/123602",Secular,,,
"Paris, Bibliothèque nationale de France - Département des Manuscrits, NAL 1412","F-Pn NAL 1412",,,,"12th century (1175-1200)",Milan,,,,,,,"http://cantus.uwaterloo.ca/source/123678",Monastic,,,
"Paris, Bibliothèque nationale de France - Département des Manuscrits, NAL 1535","F-Pn NAL 1535",,,,"13th century",Sens,,,,,,,"http://cantus.uwaterloo.ca/source/123633",Secular,,,
"Paris, Bibliothèque nationale de France - Département des Manuscrits, Latin 1085","F-Pn Lat. 1085",,,,"10th century (975-1000)","St. Martial",,,,,,,"http://cantus.uwaterloo.ca/source/123663",,,,
"Paris, Bibliothèque nationale de France - Département des Manuscrits, Latin 12044","F-Pn Lat. 12044",,,,"12th century",St-Maur-des-Fossés,,,,,,,"http://cantus.uwaterloo.ca/source/123628",Monastic,,,
"Paris, Bibliothèque nationale de France - Département des Manuscrits, Latin 15182","F-Pn Lat. 15182",,,,"14th century",Paris,,,,,,,"http://cantus.uwaterloo.ca/source/123632",Secular,,,
"Rouen, Bibliothèque municipale, 248 (olim  A. 339)","F-R 248",,,,"13th century",Jumièges,,,,,,,"http://cantus.uwaterloo.ca/source/123662",Monastic,,,
"Tours, Bibliothèque municipale, 149","F-TOm 149",,,,"13th century",Tours,,,,,,,"http://cantus.uwaterloo.ca/source/123640",Secular,,,
"Oxford, Bodleian Library, MS. Canon. Liturg. 202 (olim 19314)","GB-Ob Can. Lit. 202",,,,"13th century",Germany,,,,,,,"http://cantus.uwaterloo.ca/source/123687",,,,
"Aosta, Seminario Maggiore - Biblioteca, 6","I-AO 6",,,,"13th century","Aosta, Sant-Orso",,,,,,,"http://cantus.uwaterloo.ca/source/123666",Secular,,,
"Benevento, Archivio Capitolare, V 20","I-BV V 20",,,,"12th century",Benevento,,,,,,,"http://cantus.uwaterloo.ca/source/123596",Secular,,,
"Lucca, Biblioteca Capitolare Feliniana e Biblioteca Arcivescovile, 601","I-Lc 601",,,,"12th century",Pozzeveri,,,,,,,"http://cantus.uwaterloo.ca/source/123680",Monastic,,,
"Monza, Basilica di S. Giovanni Battista - Biblioteca Capitolare e Tesoro, 15/79","I-MZ 15/79",,,,"12th century",Pavia,,,,,,,"http://cantus.uwaterloo.ca/source/123626",Secular,,,
"Piacenza, Basilica di S. Antonino - Biblioteca e Archivio Capitolari, 65","I-PCsa 65",,,,"12th century",Piacenza,,,,,,,"http://cantus.uwaterloo.ca/source/123634",Secular,,,
"Münster Antiphoner (1537)","MA Impr. 1537",,,,"16th century (1525-1550)",Muenster,,,,,,,"http://cantus.uwaterloo.ca/source/123724",Secular,,,
"Wroclaw, Biblioteka Uniwersytecka (University Library), I F 401","PL-WRu I F 401",,,,"13th century (1275-1300)",Lubiąż,,,,,,,"http://cantus.uwaterloo.ca/source/589069",Monastic,,,
"Wrocław, Biblioteka Uniwersytecka, Ms. R 503","PL-WRu R 503",,,,"14th century (2nd half)",Wrocław,,,,,,,"http://cantus.uwaterloo.ca/source/123756",Secular,,,
"Antiphonarium Hymnarium P-AR (Arouca) Museu Regional de Arte Sacra do Mosteiro de Arouca Res. Ms. 025","P-AR Res. Ms. 025",,,," c. 1200","Alcobaça, Mosteiro de Santa Maria?",,,,,,,"http://pemdatabase.eu/source/46683",Monastic,,,
"SK-BRsa (Bratislava) Slovenský národný archív Antiphonary of Bratislava V","SK-BRsa SNA 17",,,,"15th century",Bohemia,,,,,,,"http://cantus.sk/source/6775",,,,
"NL-Lu : BPL 0025","NL-Lu BPL 0025",,,,"9th century","Bretagne ?",,,,,,,"http://musmed.eu/source/15927",,,,
"GB-Lbl : Harley 4951","GB-Lbl Harley 4951",,,,"11th century","Saint-Sernin de Toulouse",,,,,,,"http://musmed.eu/source/29527",,,,
"F-Pn : Lat. 903","F-Pn Lat. 903",,,,"11th century","Saint Yrieix",,,,,,,"http://musmed.eu/source/13022",,,,
"F-Pn : Lat. 1121","F-Pn Lat. 1121",,,,"11th century","St. Martial de Limoges",,,,,,,"http://musmed.eu/source/13060",,,,
"Wien, Diözesanarchiv, C-10","A-Wda C-10",,,,"15th century",Kirnberg,,,,,,,"http://cantus.uwaterloo.ca/source/123644",,,,
"Klosterneuburg, Augustiner-Chorherrenstift - Bibliothek, 1013","A-KN 1013",,,,"12th century",Klosterneuburg,,,,,,,"http://cantus.uwaterloo.ca/source/123614",Secular,,,
"Wien, Diözesanarchiv, D-4","A-Wda D-4",,,,"15th century",Kirnberg,,,,,,,"http://cantus.uwaterloo.ca/source/123649",,,,
"Einsiedeln, Stiftsbibliothek, Codex 121","CH-E 121",,,,"10th century",Einsiedeln,,,,,,,"http://cantus.uwaterloo.ca/source/666647",Monastic,,,
"Fulda, Hessische Landesbibliothek, Aa 55","D-FUl Aa 55",,,,"14th century",Rasdorf,,,,,,,"http://cantus.uwaterloo.ca/source/123685",Secular,,,
"Köln (Cologne), Erzbischöfliche Diözesan- und Dombibliothek, 215","D-KNd 215",,,,"12th century",Würzburg,,,,,,,"http://cantus.uwaterloo.ca/source/123741",Monastic,,,
"Paris, Bibliothèque nationale de France - Département des manuscrits, NAL 1411","F-Pn NAL 1411",,,,"12th century (2nd half)",Milan,,,,,,,"http://cantus.uwaterloo.ca/source/123677",Monastic,,,
"Paris, Bibliothèque nationale de France - Département des Manuscrits, Latin 15181","F-Pn Lat. 15181",,,,"14th century",Paris,,,,,,,"http://cantus.uwaterloo.ca/source/123631",Secular,,,
"Solesmes, Abbaye de Saint-Pierre, 596 (The Wilton Processional)","F-SO 596",,,,"13th century (1275-1300)",English,,,,,,,"http://cantus.uwaterloo.ca/source/620437",Monastic,,,
"London, British Library, printed book IB.6753 (Augsburg Antiphoner 1495, olim AA Impr. 1495)","GB-Lbl IB.6753",,,,"15th century (1475-1500)",Augsburg,,,,,,,"http://cantus.uwaterloo.ca/source/123668",Secular,,,
"Oxford, Bodleian Library, MS. Laud Misc. 284","GB-Ob Laud Misc. 284",,,,"12th century",Würzburg,,,,,,,"http://cantus.uwaterloo.ca/source/123707",Secular,,,
"Gottschalk Antiphoner (fragments)",GOTTSCHALK,,,,"12th century","Lambach Abbey",,,,,,,"http://cantus.uwaterloo.ca/source/123609",Monastic,,,
"Chiavenna, Tesoro della Collegiata di S. Lorenzo - Museo Capitolare, s.c.",I-CHV,,,,"11th century",Chiavenna,,,,,,,"http://cantus.uwaterloo.ca/source/123604",Secular,,,
"Baltimore, Walters Art Museum, W 759","US-BAw W 759",,,,"13th century (1275-1300)","Beaupré Abbey (Grimminge)",,,,,,,"http://cantus.uwaterloo.ca/source/702358",Monastic,,,
"CH-SGs : Cod 0018","CH-SGs Cod 0018",,,,"10th century","St Gallen",,,,,,,"http://musmed.eu/source/14264",,,,
"CH-SGs : Cod 0374","CH-SGs Cod 0374",,,,"11th century","St Gallen",,,,,,,"http://musmed.eu/source/14286",,,,
"F-CHRm : Ms 0047 (40)","F-CHRm Ms 0047 (40)",,,,"10th century","St sauveur de Redon",,,,,,,"http://musmed.eu/source/9343",,,,
"F-Pn : Lat. 17296","F-Pn Lat. 17296",,,,"12th century"," Abbaye royale de Saint-Denis",,,,,,,"http://musmed.eu/source/13486",Monastic,,,
"F-Pn : Lat. 909","F-Pn Lat. 909",,,,"11th century","St Martial de Limoges",,,,,,,"http://musmed.eu/source/13026",,,,
"CH-SGs : Cod 0339","CH-SGs Cod 0339",,,,"10th century","St Gallen",,,,,,,"http://musmed.eu/source/14273",,,,
"SK-Sk (Spišska Kapitula) Antiphonale Scepusiense","SK-Sk 2",,,,"15th century",Slovakia,,,,,,,"http://cantus.sk/source/6777",,,,
"Graz, Universitätsbibliothek, 29 (olim 38/8 f.)","A-Gu 29",,,,"14th century",St-Lambrecht,,,,,,,"http://cantus.uwaterloo.ca/source/123610",Monastic,,,
"Praha (Prague), Národní knihovna České republiky (National Library), VI.E.4c","CZ-Pu VI.E.4c",,,,"12th century (2nd half)","Prague, St. George Monastery",,,,,,,"http://cantus.uwaterloo.ca/source/123727",Monastic,,,
"Praha (Prague), Národní knihovna České republiky (National Library), XIV.B.13","CZ-Pu XIV B 13",,,,"14th century","Prague, St. George Monastery",,,,,,,"http://cantus.uwaterloo.ca/source/123730",,,,
"Klosterneuburg, Augustiner-Chorherrenstift - Bibliothek, 1010","A-KN 1010",,,,"12th century",Klosterneuburg,,,,,,,"http://cantus.uwaterloo.ca/source/123653",Secular,,,
"Klosterneuburg, Augustiner-Chorherrenstift - Bibliothek, 1011","A-KN 1011",,,,"14th century",Klosterneuburg,,,,,,,"http://cantus.uwaterloo.ca/source/123654",Secular,,,
"Klosterneuburg, Augustiner-Chorherrenstift - Bibliothek, 1015","A-KN 1015",,,,"14th century",Klosterneuburg,,,,,,,"http://cantus.uwaterloo.ca/source/123655",Secular,,,
"Klosterneuburg, Augustiner-Chorherrenstift - Bibliothek, 1017","A-KN 1017",,,,"13th century",Klosterneuburg,,,,,,,"http://cantus.uwaterloo.ca/source/123615",Secular,,,
"Sankt Gallen, Stiftsbibliothek, 390","CH-SGs 390",,,,"10th century (975-1000)","St. Gallen",,,,,,,"http://cantus.uwaterloo.ca/source/123717",Monastic,,,
"Wolfenbüttel, Herzog August Bibliothek - Cod. Guelf. 29 Helmst. (Heinemann-Nr. 32)","D-W 29 Helmst.",,,,"16th century",Hilwartshausen,,,,,,,"http://cantus.uwaterloo.ca/source/123715",Secular,,,
"København (Copenhagen), Det kongelige Bibliotek Slotsholmen, Gl. Kgl. S. 3449, 8o [01] I","DK-Kk 3449 8o [01] I",,,,"16th century (1575-1600)",Augsburg,,,,,,,"http://cantus.uwaterloo.ca/source/123689",Secular,,,
"Kielce, Biblioteka Kapituły Katedralnej, Ms. 1","PL-KIk 1",,,,"14th century (1350-1375)",Kielce,,,,,,,"http://cantus.uwaterloo.ca/source/123736",Secular,,,
"Ljubljana, Nadškofijski arhiv (Archiepiscopal Archives), 18 (olim 17)","SI-Lna 18 (olim 17)",,,,"15th century (1475-1500)",Kranj,,,,,,,"http://cantus.uwaterloo.ca/source/123618",Secular,,,
"SK-BSa (Banská Štiavnica) Protocollum No.inv.269 16 MMBŠ 16K12 1587-1591, škatuľa 5","SK-BSa 269",,,,"14th century",Slovakia,,,,,,,"http://cantus.sk/source/58",,,,
"PL-Klk 1 Antyfonarz kielecki",1,,,,"14th century",Kielce,,,,,,,"http://cantus.ispan.pl/source/4557",,,,
"PL-STAb 1 Antiphonarium","ms. 1",,,,"16th century",Staniątki,,,,,,,"http://cantus.ispan.pl/source/21018",,,,
"V-CVbav : Reg.lat.0466","V-CVbav Reg.lat.0466",,,,"10th century","Saint-Thierry de Reims",,,,,,,"http://musmed.eu/source/14884",Monastic,,,
"Montréal, McGill University - Rare Books and Special Collections - Manuscript Collection, MS Medieval 0064 (fragment)","CDN-Mlr MS Medieval 0064 (fragment)",,,,"14th century",Italy,,,,,,,"http://cantus.uwaterloo.ca/source/693504",,,,
"München, Bayerische Staatsbibliothek, Clm 4304","D-Mbs Clm 4304",,,,"16th century (1500-1525)",Augsburg,,,,,,,"http://cantus.uwaterloo.ca/source/123682",Monastic,,,
"Trier, Stadtbibliothek Weberbach, 1245 / 597 (original)","D-TRs 1245 / 597 (original)",,,,"09th century",Prüm,,,,,,,"http://cantus.uwaterloo.ca/source/651162",Monastic,,,
"Trier, Stadtbibliothek, 1245 / 597 (revised)","D-TRs 1245/597 (rev)",,,,"09th century",Prüm,,,,,,,"http://cantus.uwaterloo.ca/source/662398",Monastic,,,
"Kraków, Klastor OO. Karmelitów na Piasku (Carmelite Convent), Ms.4 (rkp. Perg. 20)","PL-Kkar 4 (Rkp 20)",,,,"15th century",Kraków,,,,,,,"http://cantus.uwaterloo.ca/source/123710",Secular,,,
"New York, Columbia University - Barnard College Library,  MS 1","US-NYcub Barnard 1",,,,"14th century",Italy,,,,,,,"http://cantus.uwaterloo.ca/source/683940",Secular,,,
"New York, Columbia University, Rare Book and Manuscript Library, Plimpton MS 034","US-NYcub Plimpton MS 034",,,,"14th century (1350-1375)",Franciscan,,,,,,,"http://cantus.uwaterloo.ca/source/604043",Secular,,,
"Missale Mixtum P-Cua (Coimbra) Arquivo Distrital e da Universidade Estante XVI, tab.5, nº 5","P-Cua Estante XVI tab 5 no 5",,,,"14th century (2nd quarter)","Coimbra, Catedral",,,,,,,"http://pemdatabase.eu/source/46517",Secular,,,
"F-AN : Ms 0091","F-AN Ms 0091",,,,"10th century","Abbaye Saint-Pierre d’Angers (?) puis abbaye Saint-Aubin",,,,,,,"http://musmed.eu/source/8452",,,,
"Bamberg, Staatsbibliothek, Msc.Lit.25 (olim Ed.IV.11)","D-BAs Msc.Lit.25",,,,"13th century",Bamberg,,,,,,,"http://cantus.uwaterloo.ca/source/123594",Secular,,,
"Mainz, Bischöfliches Dom- und Diözesanmuseum, C","D-MZb C",,,,"15th century (1425-1450)",Mainz,,,,,,,"http://cantus.uwaterloo.ca/source/123622",Secular,,,
"London, British Library, Additional Collection, MS. 57337","GB-Lbl Add. 57337",,,,"10th century (975-1000)",English,,,,,,,"http://cantus.uwaterloo.ca/source/673643",Secular,,,
"SK-Bra (Bratislava) Antiphonary of Bratislava I EC Lad.3","SK-Bra BAI ECLad.3",,,,"15th century",Bratislava,,,,,,,"http://cantus.sk/source/14828",,,,
"SK-Bra (Bratislava) Antiphonary of Bratislava III EC Lad.6","SK-Bra BAIII ECLad.6",,,,"15th century","Buda / Bratislava",,,,,,,"http://cantus.sk/source/14018",,,,
"V-CVbav : Pal.lat.0489","V-CVbav Pal.lat.0489",,,,"10th century",Zell,,,,,,,"http://musmed.eu/source/14837",,,,
"Wien, Diözesanarchiv, C-11","A-Wda C-11",,,,"15th century",Kirnberg,,,,,,,"http://cantus.uwaterloo.ca/source/123645",,,,
"Tongeren, Onze-Lieve-Vrouw-Kerk (Our Lady's Church), 63 (olim V)","B-TO olv 63",,,,"14th century (1375-1400)",Tongeren,,,,,,,"http://cantus.uwaterloo.ca/source/123664",Secular,,,
"Tongeren, Onze-Lieve-Vrouw-Kerk (Our Lady's Church), 64 (olim IV)","B-TO olv 64",,,,"14th century (1375-1400)",Tongeren,,,,,,,"http://cantus.uwaterloo.ca/source/123665",Secular,,,
"Halifax (Canada), St. Mary’s University - Patrick Power Library, M2149.L4 1554","CDN-Hsmu M2149.L4",,,,"16th century (1550-1575)",Salzinnes,,,,,,,"http://cantus.uwaterloo.ca/source/123723",Monastic,,,
"Mainz, Bischöfliches Dom- und Diözesanmuseum, E","D-MZb E",,,,"15th century (1425-1450)",Mainz,,,,,,,"http://cantus.uwaterloo.ca/source/123624",Secular,,,
"København (Copenhagen), Det kongelige Bibliotek Slotsholmen, Gl. Kgl. S. 3449, 8o [14] XIV","DK-Kk 3449 8o [14] XIV",,,,"16th century (1575-1600)",Augsburg,,,,,,,"http://cantus.uwaterloo.ca/source/123702",Secular,,,
"Budapest, Egyetemi Könyvtár (University Library), lat. 122","H-Bu lat. 122",,,,"14th century",Franciscan,,,,,,,"http://cantus.uwaterloo.ca/source/123600",Secular,,,
"Montecassino, Monumento Nazionale di Montecassino - Biblioteca, 542","I-MC 542",,,,"12th century",Montecassino,,,,,,,"http://cantus.uwaterloo.ca/source/123625",Secular,,,
"Kraków, Klastor OO. Karmelitów na Piasku (Carmelite Convent), Ms.5 (rkp. Perg. 13)","PL-Kkar 5 (Rkp 13)",,,,"15th century",Kraków,,,,,,,"http://cantus.uwaterloo.ca/source/123711",Secular,,,
"E-Sco (Sevilla) Institución Colombina Libro 13","E-Sco Libro 013",,,,"16th century (first half, with revisions)","Sevilla (E), Catedral",,,,,,,"http://pemdatabase.eu/source/66993",Secular,,,
"SK-BRnm (Bratislava) MUS I 11","SK-BRnm MUS I 11",,,,"14th century",Slovakia,,,,,,,"http://cantus.sk/source/211",,,,
"SK-BRsa (Bratislava) Slovenský národný archív - Antiphonary of Bratislava IV","SK-BRsa SNA 2",,,,"15th century",Bratislava,,,,,,,"http://cantus.sk/source/2284",,,,
"SK-BRsa (Bratislava) Slovenský národný archív - Antiphonary of Bratislava IIb","SK-BRsa SNA 4",,,,"15th century",Bratislava,,,,,,,"http://cantus.sk/source/3192",,,,
"F-CH : Ms 0050","F-CH Ms 0050",,,,"13th century","Collection Standish",,,,,,,"http://musmed.eu/source/23756",,,,
"F-Pn : NAL 01236","F-Pn NAL 01236",,,,"12th century",Nevers,,,,,,,"http://musmed.eu/source/13535",Romanum,,,
"F-Pn : Lat. 904","F-Pn Lat. 904",,,,"13th century","Cathédrale de Rouen",,,,,,,"http://musmed.eu/source/13023",,,,
"Mainz, Bischöfliches Dom- und Diözesanmuseum, B","D-MZb B",,,,"15th century (1425-1450)",Mainz,,,,,,,"http://cantus.uwaterloo.ca/source/123621",Secular,,,
"København (Copenhagen), Det kongelige Bibliotek Slotsholmen, Gl. Kgl. S. 3449, 8o [05] V","DK-Kk 3449 8o [05] V",,,,"16th century (1575-1600)",Augsburg,,,,,,,"http://cantus.uwaterloo.ca/source/123693",Secular,,,
"Salamanca, Catedral - Archivo Musical, 5","E-SA 5",,,,"14th century",Salamanca,,,,,,,"http://cantus.uwaterloo.ca/source/123636",Secular,,,
"Budapest, Egyetemi Könyvtár (University Library), lat. 118","H-Bu lat. 118",,,,"14th century",Franciscan,,,,,,,"http://cantus.uwaterloo.ca/source/123597",Secular,,,
"Dubrovnik, Franjevački Samostan (Franciscan Monastery), Cod. D Nr. 5","HR-Hf Cod. D",,,,"15th century (2nd half)",Venice,,,,,,,"http://cantus.uwaterloo.ca/source/123720",Secular,,,
"P-BRs (Braga) Arquivo da Sé Ms. 032","P-BRs Ms. 032",,,,"16th century (first quarter)","Braga, Catedral",,,,,,,"http://pemdatabase.eu/source/47990",Secular,,,
"SK-BRsa Antiphonarium Scepusiense Protocol 1550-1557","SK-BRsa Spis 1550",,,,"15th century","Slovakia - Spišská Kapitula",,,,,,,"http://cantus.sk/source/13837",,,,
"SK-Bra (Bratislava) EC Lad.1/2","SK-Bra ECLad.1/2",,,,"13th century",Germany,,,,,,,"http://cantus.sk/source/10948",,,,
"PL-PŁsem MsEPl 12 Antyfonarz z Płocka, pars de tempore","MsEPl 12",,,,"15th century",Płock,,,,,,,"http://cantus.ispan.pl/source/14457",,,,
"Dendermonde, Sint-Pieters-en Paulusabdij, ms. 9","B-DEa 9",,,,"12th century (2nd half)",Rupertsberg,,,,,,,"http://cantus.uwaterloo.ca/source/588309",,,,
"Wiesbaden, Hochschul- und Landesbibliothek RheinMain, 2 (Riesencodex)","D-WI1 2",,,,"12th century (1175-1200)",Rupertsberg,,,,,,,"http://cantus.uwaterloo.ca/source/588308",,,,
"Budapest, Egyetemi Könyvtár (University Library), lat. 119","H-Bu lat. 119",,,,"14th century",Franciscan,,,,,,,"http://cantus.uwaterloo.ca/source/123598",Secular,,,
"Dubrovnik, Franjevački Samostan (Franciscan Monastery), Cod. F Nr. 6","HR-Hf Cod. F",,,,"15th century (2nd half)",Venice,,,,,,,"http://cantus.uwaterloo.ca/source/123722",Secular,,,
"SK-BJ (Bardejov) Antiphonarium MMBJ 2285","SK-BJ (Bardejov) MMBJ 2285",,,,"14th century",Hungary,,,,,,,"http://cantus.sk/source/29802",,,,
"Sydney, University of Sydney, Fisher Library, Rare Books & Special Collections, Add. Ms. 413 (olim Add. Ms. Fol.1)","AUS-Sfl Add. Ms. 413",,,,"16th century (2nd half)",Spain,,,,,,,"http://cantus.uwaterloo.ca/source/669163",Secular,,,
"Mainz, Bischöfliches Dom- und Diözesanmuseum, A","D-MZb A",,,,"15th century (1425-1450)",Mainz,,,,,,,"http://cantus.uwaterloo.ca/source/123620",Secular,,,
"København (Copenhagen), Det kongelige Bibliotek Slotsholmen, Gl. Kgl. S. 3449, 8o [02] II","DK-Kk 3449 8o [02] II",,,,"16th century (1575-1600)",Augsburg,,,,,,,"http://cantus.uwaterloo.ca/source/123690",Secular,,,
"Salamanca, Catedral - Archivo Musical, 6","E-SA 6",,,,"14th century",Salamanca,,,,,,,"http://cantus.uwaterloo.ca/source/123650",Secular,,,
"Dubrovnik, Franjevački Samostan (Franciscan Monastery), Cod. C Nr. 4","HR-Hf Cod. C",,,,"15th century (2nd half)",Venice,,,,,,,"http://cantus.uwaterloo.ca/source/123719",Secular,,,
"PL-Wn  12720 V Antyfonarz opata Mścisława z Tyńca, pars de tempore"," rps 12720 V",,,,"15th century",Tyniec,,,,,,,"http://cantus.ispan.pl/source/13720",,,,
"London (Canada), University of Western Ontario - Music Library, M2150","CDN-Lu M2150",,,,"16th century","Burgos (?)",,,,,,,"http://cantus.uwaterloo.ca/source/123619",Secular,,,
"København (Copenhagen), Det kongelige Bibliotek Slotsholmen, Gl. Kgl. S. 3449, 8o [07] VII","DK-Kk 3449 8o [07] VII",,,,"16th century (1575-1600)",Augsburg,,,,,,,"http://cantus.uwaterloo.ca/source/123695",Secular,,,
"Kansas City, Miller Nichols Library, LaBudde Special Collections M2149.2 .V4 1629","US-KClbsc M2149.2 .V4 1629",,,,"17th century (1st half)",Spain,,,,,,,"http://cantus.uwaterloo.ca/source/710152",Secular,,,
"P-BRs (Braga) Arquivo da Sé Ms. 034","P-BRs Ms. 034",,,,1510-1515,"Braga, Catedral",,,,,,,"http://pemdatabase.eu/source/47612",,,,
"SK-Bra (Bratislava) Antiphonary of Bratislava IIa EC Lad.4","SK-Bra BAIIa EC Lad.4",,,,"15th century",Bratislava,,,,,,,"http://cantus.sk/source/12363",,,,
"København (Copenhagen), Det kongelige Bibliotek Slotsholmen, Gl. Kgl. S. 3449, 8o [17] XVII","DK-Kk 3449 8o [17] XVII",,,,"16th century (1575-1600)",Augsburg,,,,,,,"http://cantus.uwaterloo.ca/source/123705",Secular,,,
"Porrentruy, Bibliothèque cantonale jurassienne, 18","CH-P 18",,,,"12th century","Bellelay Abbey",,,,,,,"http://cantus.uwaterloo.ca/source/638308",Monastic,,,
"Paris, Bibliothèque nationale de France - Département des Manuscrits, Latin 1240","F-Pn Lat. 1240",,,,"10th century",St-Martial,,,,,,,"http://cantus.uwaterloo.ca/source/123629",,,,
"Princeton , Princeton University Archive, Princeton MS. 245","US-PRu Princeton MS. 245",,,,"13th century (2nd half)",Dominican,,,,,,,"http://cantus.uwaterloo.ca/source/691366",,,,
"P-Ln (Lisboa) Biblioteca Nacional de Portugal Iluminado 084","P-Ln Iluminado 084",,,,"c. 1400 (after 1297)","Sens (F)",,,,,,,"http://pemdatabase.eu/source/52642",,,,
"SK-BRnm (Bratislava) Slovenské národné múzeum - Hudobné múzeum Graduale","SK-BRnm MUS I 78",,,,"15th century",Moravia,,,,,,,"http://cantus.sk/source/19263",,,,
"SK-Lap (Levoča) Antiphonarium MMLE XXII/308","SK-Lap (Levoča) MMLE XXII/308",,,,"16th century",Hungary,,,,,,,"http://cantus.sk/source/29833",,,,
"SK-Lap (Levoča) Antiphonarium MMLE XXII/256","SK-Lap (Levoča) MMLE XXII/256",,,,"14th century",Hungary,,,,,,,"http://cantus.sk/source/29838",,,,
"D-KWsr : Drachenfels-Missale","D-KWsr Drachenfels-Missale",,,,"13th century",Heisterbach,,,,,,,"http://musmed.eu/source/11578",,,,
"V-CVbav : Archivio di San Pietro F.22","V-CVbav Archivio di San Pietro F.22",,,,"13th century","Italie, Roma, S. Pietro",,,,,,,"http://musmed.eu/source/14749",,,,
"CH-SGs : Cod 0338","CH-SGs Cod 0338",,,,"11th century","St Gallen",,,,,,,"http://musmed.eu/source/14272",,,,
"CH-SGs : Cod 0342","CH-SGs Cod 0342",,,,"10th century","St Gallen",,,,,,,"http://musmed.eu/source/14275",,,,
"F-AUT : Ms S 0012 (11)","F-AUT Ms S 0012 (11)",,,,"12th century","Nord-Est de l’Ile de France",,,,,,,"http://musmed.eu/source/8575",,,,
"F-Pn : Lat. 833","F-Pn Lat. 833",,,,"12th century","Adapté à l’ordinaire de Prémontré au XVe s",,,,,,,"http://musmed.eu/source/13007",,,,
"F-Pn : Lat. 17307","F-Pn Lat. 17307",,,,"12th century"," Ex-libris S. Cornelii Compend. Congr. S. Mauri, XVIIe s., f. 1 Compiègne",,,,,,,"http://musmed.eu/source/13489",,,,
"CH-SGs : Cod 0375","CH-SGs Cod 0375",,,,"12th century","St Gallen",,,,,,,"http://musmed.eu/source/14287",,,,
"F-Pa : Ms 0197","F-Pa Ms 0197",,,,"13th century","France, Paris, Abbaye Saint-Victor de Paris",,,,,,,"http://musmed.eu/source/98760",,,,
"NL-Uu : Hs. 0062","NL-Uu Hs. 0062",,,,"13th century",Utrecht,,,,,,,"http://musmed.eu/source/144306",,,,
"F-PR : Ms 0012","F-PR Ms 0012",,,,"13th century",Chartres,,,,,,,"http://musmed.eu/source/14008",,,,
"V-CVbav : Ross.0076","V-CVbav Ross.0076",,,,"13th century","Italie, Aquileia",,,,,,,"http://musmed.eu/source/98746",,,,
"F-LA : Ms 0263","F-LA Ms 0263",,,,"12th century","A l’usage de la cathédrale Notre-Dame de Laon",,,,,,,"http://musmed.eu/source/11602",,,,
"København (Copenhagen), Det kongelige Bibliotek Slotsholmen, Gl. Kgl. S. 3449, 8o [10] X","DK-Kk 3449 8o [10] X",,,,"16th century (1575-1600)",Augsburg,,,,,,,"http://cantus.uwaterloo.ca/source/123698",Secular,,,
"SK-Brl (Bratislava) Lyc F I 210","SK-BRl Lyc FI210",,,,"15th century","Central Europe (Poland, Slovakia)",,,,,,,"http://cantus.sk/source/4987",,,,
"F-SO : Ms 0334","F-SO Ms 0334",,,,"13th century",Cluny,,,,,,,"http://musmed.eu/source/14251",Monastic,,,
"SK-BSa (Banská Štiavnica) Spitalls Raittung der Gemeiner Stadt Schemnitz 1600-1601 (sine Sign.)","SK-BSa 1600-1601",,,,"14th century",Slovakia,,,,,,,"http://cantus.sk/source/125",,,,
"F-CA : Ms 0061 (62)","F-CA Ms 0061 (62)",,,,"12th century","Lille, St-Pierre",,,,,,,"http://musmed.eu/source/9071",,,,
"GB-Lbl : Harley 1117","GB-Lbl Harley 1117",,,,"10th century","Angleterre, Canterbury, Christ Church Cathedral ?",,,,,,,"http://musmed.eu/source/11745",Monastic,,,
"I-Rn : Ms.Sess.96","I-Rn Ms.Sess.96",,,,"9th century",Nonantola,,,,,,,"http://musmed.eu/source/17337",Monastic,,,
"PL-STAb 2 Antiphonarium","ms. 2",,,,"16th century",Staniątki,,,,,,,"http://cantus.ispan.pl/source/21623",,,,
"PL-Wn 12496 IV Graduale cisterciense","Rps 12496 IV",,,,"13th century",Silesia,,,,,,,"http://cantus.ispan.pl/source/33686",,,,
"PL-WRu I F 414 Cistercian Gradual (Silesia)","I F 414",,,,"13th century","Cistercian, Lubiąż (Silesia)",,,,,,,"http://cantus.ispan.pl/source/36027",,,,
"D-HEu : Cod. Sal. X,007","D-HEu Cod. Sal. X,007",,,,"13th century"," Allemagne, Salem",,,,,,,"http://musmed.eu/source/17266",,,,
"Great Britain, Corpus Christi College, Cambridge, MS. 146","GB-Ccc MS. 146",,,,"11th century",English,,,,,,,"http://cantus.uwaterloo.ca/source/674988",Secular,,,
"F-AI : Ms 0044","F-AI Ms 0044",,,,"9th century","France, Diocèse d'Albi, Albi, Cathédrale Sainte Cécile d'Albi",,,,,,,"http://musmed.eu/source/8386",Romanum,,,
"København (Copenhagen), Det kongelige Bibliotek Slotsholmen, Gl. Kgl. S. 3449, 8o [08] VIII","DK-Kk 3449 8o [08] VIII",,,,"16th century (1575-1600)",Augsburg,,,,,,,"http://cantus.uwaterloo.ca/source/123696",Secular,,,
"København (Copenhagen), Det kongelige Bibliotek Slotsholmen, Gl. Kgl. S. 3449, 8o [15] XV","DK-Kk 3449 8o [15] XV",,,,"16th century (1575-1600)",Augsburg,,,,,,,"http://cantus.uwaterloo.ca/source/123703",Secular,,,
"P-AR (Arouca) Museu Regional de Arte Sacra do Mosteiro de Arouca Res. Ms. 021","P-AR Res. Ms. 021",,,,"c. 1200","Arouca, Mosteiro de Santa Maria",,,,,,,"http://pemdatabase.eu/source/62867",Monastic,,,
"P-Cua (Coimbra) Arquivo Distrital e da Universidade IV-3ª Gav. 44 (20)","P-Cua IV-3ª Gav. 44 (20)",,,,"c. 1100","Coimbra, Colégio de Jesus",,,,,,,"http://pemdatabase.eu/source/46573",Secular,,,
"SK-BEt (Betliar) Slovenské národné múzeum - Múzeum Betliar 8 ANTIPHONARIUM Sign. K0000/08022, HK 08022","SK-BEt K0000/08022",,,,"15th century","Central Europe",,,,,,,"http://cantus.sk/source/29074",,,,
"SK-BRsa Inv.Nr. 176","SK-BRsa Palffy 176",,,,"15th century",Hungary,,,,,,,"http://cantus.sk/source/13692",,,,
"F-Pn : Lat. 12239","F-Pn Lat. 12239",,,,"11th century",Corbie,,,,,,,"http://musmed.eu/source/13391",,,,
"SK-BRsa Antiphonarium Bibliotheca Capituli Posoniensis Manus. 192","SK-BRsa Manus.192",,,,"15th century","Slovakia / Hungary",,,,,,,"http://cantus.sk/source/13896",,,,
"København (Copenhagen), Det kongelige Bibliotek Slotsholmen, Gl. Kgl. S. 3449, 8o [09] IX","DK-Kk 3449 8o [09] IX",,,,"16th century (1575-1600)",Augsburg,,,,,,,"http://cantus.uwaterloo.ca/source/123697",Secular,,,
"København (Copenhagen), Det kongelige Bibliotek Slotsholmen, Gl. Kgl. S. 3449, 8o [16] XVI","DK-Kk 3449 8o [16] XVI",,,,"16th century (1575-1600)",Augsburg,,,,,,,"http://cantus.uwaterloo.ca/source/123704",Secular,,,
"Bibliothèque nationale de France, Département des manuscrits, Latin 943 ","F-Pnm lat. 943",,,,"10th century (2nd half)",English,,,,,,,"http://cantus.uwaterloo.ca/source/672486",Secular,,,
"PL-WRu I F 413 Cistercian Gradual (Silesia)","I F 413",,,,"14th century","Cistercians, Lubiąż (Silesia) - Cistercians, Kamieniec Ząbkowicki (Silesia)",,,,,,,"http://cantus.ispan.pl/source/39360",,,,
"SK-KO (Košice) Breviarium Fragm. MUSIC a","SK-KO (Košice) Fragm. MUSIC a",,,,"15th century","medieval Hungary (Spiš)",,,,,,,"http://cantus.sk/source/31253",,,,
"F-Pn : Lat. 780","F-Pn Lat. 780",,,,"11th century","Cathédrale d'Arles; Colbert 1686; Regius 3880b",,,,,,,"http://musmed.eu/source/12990",,,,
"Reconstitution : Sacramentaire de Tours (TU1)","Reconstitution Sacramentaire de Tours (TU1)",,,,"9th century","à l'usage de l'église de Tours",,,,,,,"http://musmed.eu/source/29529",,,,
"SK-BRnm (Bratislava) MUS I 3","SK-BRnm MUS I 3",,,,"15th century",Slovakia,,,,,,,"http://cantus.sk/source/204",,,,
"SK-BRsa Inv.Nr. 193/1-2","SK-BRsa Palffy 193",,,,"15th century",Slovakia,,,,,,,"http://cantus.sk/source/13695",,,,
"New York, Columbia University - Rare Book and Manuscript Library, Plimpton MS 041","US-NYcub Plimpton MS 041",,,,"15th century (1450-1475)",Italy,,,,,,,"http://cantus.uwaterloo.ca/source/589026",Monastic,,,
"København (Copenhagen), Det kongelige Bibliotek Slotsholmen, Gl. Kgl. S. 3449, 8o [12] XII","DK-Kk 3449 8o [12] XII",,,,"16th century (1575-1600)",Augsburg,,,,,,,"http://cantus.uwaterloo.ca/source/123700",Secular,,,
"København (Copenhagen), Det kongelige Bibliotek Slotsholmen, Gl. Kgl. S. 3449, 8o [13] XIII","DK-Kk 3449 8o [13] XIII",,,,"16th century (1575-1600)",Augsburg,,,,,,,"http://cantus.uwaterloo.ca/source/123701",Secular,,,
"US-NHub : Beinecke MS 0712.077","US-NHub Beinecke MS 0712.077",,,,"10th century",Allemagne,,,,,,,"http://musmed.eu/source/12573",,,,
"F-Pn : Lat. 12584","F-Pn Lat. 12584",,,,"11th century",Saint-Maur-des-Fossés,,,,,,,"http://musmed.eu/source/13399",Monastic,,,
"F-Pn : Lat. 17436","F-Pn Lat. 17436",,,,"9th century","Abbaye Saint-Corneille de Compiègne",,,,,,,"http://musmed.eu/source/13502",Romanum,,,
"E-Sco (Sevilla) Institución Colombina Libro 69","E-Sco Libro 069",,,,"15th century (second half)","Sevilla (E), Catedral",,,,,,,"http://pemdatabase.eu/source/61848",Secular,,,
"SK-BRsa Arm. VI, Lad. 3, Fasc. 4, Nr. 8","SK-BRsa Palffy VI 3 4 8",,,,"14th century","Central Europe",,,,,,,"http://cantus.sk/source/13700",,,,
"SK-BRsa Acta anni Sedlak Nr. 10","SK-BRsa Leles 10",,,,"14th century","Slovakia / Hungary",,,,,,,"http://cantus.sk/source/13704",,,,
"København (Copenhagen), Det kongelige Bibliotek Slotsholmen, Gl. Kgl. S. 3449, 8o [03] III","DK-Kk 3449 8o [03] III",,,,"16th century (1575-1600)",Augsburg,,,,,,,"http://cantus.uwaterloo.ca/source/123691",Secular,,,
"SK-PREa (Prešov) Breviarium 1","SK-PREa (Prešov) Zb. ilum. 4 ",,,,"14th century",Hungary,,,,,,,"http://cantus.sk/source/29824",,,,
"GB-Lbl : Egerton 0857","GB-Lbl Egerton 0857",,,,"11th century","Nord de la France, Noyon",,,,,,,"http://musmed.eu/source/29583",,,,
"SK-Brl (Bratislava) A 11587","SK-BRl A 11587",,,,"15th century","Central Europe",,,,,,,"http://cantus.sk/source/4990",,,,
"SK-BEt (Betliar) Slovenské národné múzeum - Múzeum Betliar 10 ANTIPHONARIUM Sign. K0000/10692, HK 10692","SK-BEt K0000/10692",,,,"15th century","Central Europe (Poland/ Slovakia?)",,,,,,,"http://cantus.sk/source/29076",,,,
"København (Copenhagen), Det kongelige Bibliotek Slotsholmen, Gl. Kgl. S. 3449, 8o [04] IV","DK-Kk 3449 8o [04] IV",,,,"16th century (1575-1600)",Augsburg,,,,,,,"http://cantus.uwaterloo.ca/source/123692",Secular,,,
"F-Pn : NAL 01235","F-Pn NAL 01235",,,,"12th century",Nevers,,,,,,,"http://musmed.eu/source/13534",,,,
"F-ME : Ms 0732 bis (Pièce 17)","F-ME Ms 0732 bis (Pièce 17)",,,,"13th century","Registre de la paroisse Saint-Eucaire",,,,,,,"http://musmed.eu/source/21714",,,,
"Trier, Bistumsarchiv, Abt. 95, Nr. 5","D-TRb Abt. 95, Nr. 5",,,,"10th century (975-1000)",Eichstätt,,,,,,,"http://cantus.uwaterloo.ca/source/123757",Secular,,,
"SK-Bra (Bratislava) EC Lad.1/22","SK-Bra ECLad.1/22",,,,"15th century","Central Europe",,,,,,,"http://cantus.sk/source/10954",,,,
"F-Pn : Lat. 261","F-Pn Lat. 261",,,,"11th century","Le Mans",,,,,,,"http://musmed.eu/source/12964",,,,
"SK-Bra (Bratislava)  EC Lad.1/27","SK-Bra ECLad.1/27",,,,"15th century","Central Europe ",,,,,,,"http://cantus.sk/source/10955",,,,
"SK-MO (Modra) Magistrát mesta Modry 5148 Register der Abgaben für das Winzerrecht 1627","SK-MO 5148",,,,"15th century",Slovakia,,,,,,,"http://cantus.sk/source/181",,,,
"SK-Bra (Bratislava) EC Lad.2/47","SK-Bra ECLad.2/47",,,,"15th century",Slovakia,,,,,,,"http://cantus.sk/source/10964",,,,
"F-Pn : Lat. 9448","F-Pn Lat. 9448",,,,"10th century","Transféré à Paris entre 1802 et 1804",,,,,,,"http://musmed.eu/source/13296",,,,
"SK-Brl (Bratislava) Frag. 1","SK-BRl Frag. 1",,,,"14th century",Slovakia,,,,,,,"http://cantus.sk/source/4382",,,,
"SK-Brl (Bratislava) Frag. 4","SK-BRl Frag. 4",,,,"15th century",Slovakia,,,,,,,"http://cantus.sk/source/4453",,,,
"SK-MO (Modra) Magistrát mesta Modry 5167 Register der Abgaben für das Winzerrecht 1647","SK-MO 5167",,,,"15th century",Slovakia,,,,,,,"http://cantus.sk/source/182",,,,
"Salamanca, Catedral - Archivo Musical, 8","E-SA 8",,,,"14th century",Salamanca,,,,,,,"http://cantus.uwaterloo.ca/source/123652",Secular,,,
"CH-SGs : Cod 0174","CH-SGs Cod 0174",,,,"10th century","St Gallen",,,,,,,"http://musmed.eu/source/14269",,,,
"Quito, Iglesia de San Francisco - Archivo, 18P16","EC-Qsf 18P16",,,,"16th century (1575-1600)",Franciscan,,,,,,,"http://cantus.uwaterloo.ca/source/669907",Secular,,,
"V-CVbav : Vat.lat.05319","V-CVbav Vat.lat.05319",,,,"12th century",Latran,,,,,,,"http://musmed.eu/source/14915",,,,
"Den Haag, Koninklijke Bibliotheek - Nationale Bibliotheek van Nederland, 70 E 4","NL-DHk 70 E 4",,,,"12th century",Tongeren,,,,,,,"http://cantus.uwaterloo.ca/source/123657",Secular,,,
"E-Sco (Sevilla) Institución Colombina Libro 31","E-Sco Libro 031",,,,"15th century (second half)","Sevilla (E), Catedral",,,,,,,"http://pemdatabase.eu/source/68598",Secular,,,
"SK-BSa (Banská Štiavnica) No.inv.1873 70 MMBŠ 16K66 1583-1595, škatuľa 21","SK-BSa 1873",,,,"14th century",Slovakia,,,,,,,"http://cantus.sk/source/131",,,,
"F-CA : Ms 0075 (76)","F-CA Ms 0075 (76)",,,,"11th century","France, Arras, Abbaye Saint-Vaast d'Arras",,,,,,,"http://musmed.eu/source/9073",,,,
"Quito, Iglesia de San Francisco - Archivo, 8","EC-Qsf 8",,,,"17th century",Franciscan,,,,,,,"http://cantus.uwaterloo.ca/source/673703",Secular,,,
"E-Sco (Sevilla) Institución Colombina Libro 52","E-Sco Libro 052",,,,"16th century (first half)","Sevilla (E), Catedral",,,,,,,"http://pemdatabase.eu/source/66704",Secular,,,
"D-LEu : Ms Thomas 391","D-LEu Ms Thomas 391",,,,"13th century","Saint-Thomas de Leipzig",,,,,,,"http://musmed.eu/source/138221",,,,
"CH-Cobodmer : C 0074","CH-Cobodmer C 0074",,,,"11th century","Italie, Rome, Ste Cecilia in Trastevere",,,,,,,"http://musmed.eu/source/9492",,,,
"B-Br : II 3823","B-Br II 3823",,,,"12th century",Auvergne,,,,,,,"http://musmed.eu/source/29526",,,,
"Paris, Bibliothèque nationale de France, Latin 9488, ff.42-45","F-Pnm Lat.9488 ff.42-45 (fragment)",,,,"11th century (1075-1100)",France,,,,,,,"http://cantus.uwaterloo.ca/source/702113",,,,
"SK-BRsa Breviarium Bibliotheca Capituli Posoniensis Manus. 81","SK-BRsa Manus.81",,,,"12th century",Austria,,,,,,,"http://cantus.sk/source/13890",,,,
"P-AR (Arouca) Museu Regional de Arte Sacra do Mosteiro de Arouca Res. L 005","P-AR Res. L 005",,,,1513,"Arouca, Mosteiro de Santa Maria",,,,,,,"http://pemdatabase.eu/source/62421",,,,
"F-Pn : Lat. 9425","F-Pn Lat. 9425",,,,"12th century","abbaye Saint-Marien d'Auxerre",,,,,,,"http://musmed.eu/source/13283",Romanum,,,
"P- AR (Arouca) Museu Regional de Arte Sacra do Mosteiro de Arouca Ms. 17","P-AR Res. Ms. 017",,,,1800,"Arouca, Mosteiro de Santa Maria",,,,,,,"http://pemdatabase.eu/source/76063",Monastic,,,
"I-Bc : Q 03 (Fr 019)","I-Bc Q 03 (Fr 019)",,,,"13th century","Italie Centrale",,,,,,,"http://musmed.eu/source/32401",Romanum,,,
"F-Pn : Lat. 1087","F-Pn Lat. 1087",,,,"11th century",Cluny,,,,,,,"http://musmed.eu/source/13048",,,,
"I-BGc : MA 239 (Gamma III.18)","I-BGc MA 239 (Gamma III.18)",,,,"11th century",Brescia,,,,,,,"http://musmed.eu/source/8805",,,,
"SK-BJ (Bardejov) Antiphonarium MMBJ 1796","SK-BJ (Bardejov) MMBJ 1796",,,,"14th century",Hungary,,,,,,,"http://cantus.sk/source/29803",,,,
"SK-Bra (Bratislava) Antiphonary of Bratislava IIb EC Lad.4","SK-Bra IIb EC Lad.4",,,,"15th century",Bratislava,,,,,,,"http://cantus.sk/source/13551",,,,
"Augusta (GA), Augusta-Richmond County Library, GR/MS.020","US-Augusta GR/MS.020",,,,"16th century (1st half)",Italy,,,,,,,"http://cantus.uwaterloo.ca/source/638296",,,,
"SK-BRsa Antiphonarium Scepusiense sine Sign.","SK-BRsa Spis 0",,,,"15th century","Slovakia - Spišská Kapitula",,,,,,,"http://cantus.sk/source/13836",,,,
"F-VN : Ms 0084","F-VN Ms 0084",,,,"12th century",Italie,,,,,,,"http://musmed.eu/source/15488",Romanum,,,
"F-AS : Ms 0650 (cat. 569)","F-AS Ms 0650 (cat. 569)",,,,"10th century","France, Arras, Abbaye Saint-Vaast d'Arras",,,,,,,"http://musmed.eu/source/105289",,,,
"PL-Kk 48 Antyfonarz z Katedry Wawelskiej, de sanctis, pars hiemalis","ms. 48",,,,"15th century",Kraków,,,,,,,"http://cantus.ispan.pl/source/13734",,,,
"SK-BRnm (Bratislava) MUS I 9","SK-BRnm MUS I 9",,,,"14th century",Slovakia,,,,,,,"http://cantus.sk/source/210",,,,
"SK-KO (Košice) Antiphonarium H III/2 mac 17","SK-KO (Košice) H III/2 mac 17",,,,"15th century","Slovakia (medieval Hungary) Premonstratensians",,,,,,,"http://cantus.sk/source/30731",,,,
"SK-KO (Košice) Antiphonarium H III/2 mac 20","SK-KO (Košice) H III/2 mac 20",,,,"15th century","medieval Hungary (Eastern Slovakia: Spiš)",,,,,,,"http://cantus.sk/source/31033",,,,
"F-ME : Ms 0732 bis (Pièce 13)","F-ME Ms 0732 bis (Pièce 13)",,,,"13th century","Est de la France",,,,,,,"http://musmed.eu/source/21706",Monastic,,,
"E-Sco (Sevilla) Institución Colombina Libro 56","E-Sco Libro 056",,,,"15th century (second half)","Sevilla (E), Catedral",,,,,,,"http://pemdatabase.eu/source/70463",Secular,,,
"PL-WRu I F 416 Cistercian Gradual (Silesia)","I F 416",,,,"14th century","Cistercians, Henryków (Silesia)",,,,,,,"http://cantus.ispan.pl/source/41816",,,,
"PL-GD Mar. F 408 Antiphonarium, prima pars","Mar. F 408",,,,"16th century","St. Mary Church in Gdańsk",,,,,,,"http://cantus.ispan.pl/source/14397",,,,
"F-LA : Ms 0240","F-LA Ms 0240",,,,"14th century",Vauclerc ,,,,,,,"http://musmed.eu/source/11600",,,,
"D-DÜl : K04:010","D-DÜl K04:010",,,,"12th century","Ouest de l'Allemagne",,,,,,,"http://musmed.eu/source/9618",,,,
"D-KA : Fragment Karlsruhe 1391","D-KA Fragment Karlsruhe 1391",,,,"13th century",Karlsruhe,,,,,,,"http://musmed.eu/source/11247",Romanum,,,
"SK-BRsa Antiphonarium Scepusiense sine Sign. Anni 1558-1564","SK-BRsa Spis 1558",,,,"15th century","Slovakia - Spišská Kapitula",,,,,,,"http://cantus.sk/source/13707",,,,
"London, British Library, Additional 23935","GB-Lbl Add 23935",,,,"13th century (1250-1275)",Paris,,,,,,,"http://cantus.uwaterloo.ca/source/637892",,,,
"F-Pn : Lat. 17991","F-Pn Lat. 17991",,,,"11th century","Jacobins de la rue Saint-Jacques",,,,,,,"http://musmed.eu/source/13509",Romanum,,,
"SK-BRsa Antiphonarium Scepusiense sine Sign. Anni 1596-1602","SK-BRsa Spis 1596",,,,"15th century","Slovakia - Spišská Kapitula",,,,,,,"http://cantus.sk/source/13830",,,,
"Austin, Harry Ransom Center, 21","US-AUS 21",,,,"15th century",Germany,,,,,,,"http://cantus.uwaterloo.ca/source/709973",,,,
"SK-MO (Modra) Magistrát mesta Modry 5147 Register der Abgaben für das Winzerrecht 1626","SK-MO 5147",,,,"15th century",Slovakia,,,,,,,"http://cantus.sk/source/180",,,,
"V-CVbav : Urb. lat. 0602","V-CVbav Urb. lat. 0602",,,,"11th century",Montecassino,,,,,,,"http://musmed.eu/source/17334",,,,
"F-Pn : NAL 01414","F-Pn NAL 01414",,,,"12th century","Italie, Diocèse de Milan,  Morimondo, Sancte Marie de Morimundo",,,,,,,"http://musmed.eu/source/28426",,,,
"SK-Lap (Levoča) Breviarium SŽ 26","SK-Lap (Levoča) SŽ 36",,,,"13th century",Hungary,,,,,,,"http://cantus.sk/source/29839",,,,
"Montréal, McGill University - Rare Books and Special Collections - Manuscript Collection, MS Medieval 0234","CDN-Mlr MS Medieval 0234",,,,"16th century (1575-1600)",Germany,,,,,,,"http://cantus.uwaterloo.ca/source/678936",Secular,,,
"SK-Brl (Bratislava) Frag. 3","SK-BRl Frag. 3",,,,"15th century",Slovakia,,,,,,,"http://cantus.sk/source/4452",,,,
"Wiesbaden, Hochschul- und Landesbibliothek RheinMain, 2 (Riesencodex), detached lower pastedown (fragment)","D-WI1 2 lower pastedown (fragment)",,,,"12th century","Southern Germany / Austria",,,,,,,"http://cantus.uwaterloo.ca/source/676971",Monastic,,,
"SK-BRsa Antiphonarium Scepusiense Protoc. X Anni 1583-1585","SK-BRsa Spis 1583",,,,"15th century","Slovakia - Spišská Kapitula",,,,,,,"http://cantus.sk/source/13835",,,,
"A-Wn : Cod Ser nova 03645","A-Wn Cod Ser nova 03645",,,,"9th century","Sud-Est Allemagne",,,,,,,"http://musmed.eu/source/15086",,,,
"F-Col_part : Mont-Renaud","F-Col_part Mont-Renaud",,,,"10th century","Noyon, St-Éloi",,,,,,,"http://musmed.eu/source/9475",,,,
"D-W : Cod Guelf Helmst 1008","D-W Cod Guelf Helmst 1008",,,,"11th century","Minden, pour l'usage de l'évêque Siegbert",,,,,,,"http://musmed.eu/source/15154",,,,
"Udine, Biblioteca del Seminario Arcivescovile, Codice 7","I-UDs Codice 7",,,,"14th century",Italy,,,,,,,"http://cantus.uwaterloo.ca/source/674494",Secular,,,
"SK-Bra (Bratislava) Missale of Bratislava I EC Lad. 3","SK-Bra BMI EC Lad.3 EL18",,,,"14th century",Bratislava,,,,,,,"http://cantus.sk/source/16685",,,,
"SK-Sk (Spišska Kapitula) Graduale Scepusiense","SK-Sk Graduale Scepusiense Nr.1",,,,"15th century",Slovakia,,,,,,,"http://cantus.sk/source/6778",,,,
"F-Pn : Lat. 2819","F-Pn Lat. 2819",,,,"11th century","Paris, France",,,,,,,"http://musmed.eu/source/13130",,,,
"D-DS : Hs 0545","D-DS Hs 0545",,,,"14th century","Bombogen (à Wittlich)",,,,,,,"http://musmed.eu/source/9518",,,,
"D-Sl : Cod.Don.653","D-Sl Cod.Don.653",,,,"12th century",Ottobeuren,,,,,,,"http://musmed.eu/source/14405",,,,
"SK-BRsa Antiphonarium Bibliotheca Capituli Posoniensis Manus. 86","SK-BRsa Manus.86",,,,"14th century","Slovakia / Hungary",,,,,,,"http://cantus.sk/source/13891",,,,
"F-CHRm : Ms 0152 (105)","F-CHRm Ms 0152 (105)",,,,"10th century","Chartres, Abbaye Saint-Père",,,,,,,"http://musmed.eu/source/9358",,,,
"New York, Columbia University, Rare Book and Manuscript Library, Western MS 097","US-NYcub Western MS 097",,,,"13th century (1275-1300)",Dominican,,,,,,,"http://cantus.uwaterloo.ca/source/706333",Secular,,,
"SK-BJ (Bardejov) Antiphonarium MMBJ 1805","SK-BJ (Bardejov) MMBJ 1805",,,,"14th century",Hungary,,,,,,,"http://cantus.sk/source/29810",,,,
"SK-MO (Modra) Magistrát mesta Sv. Jur 2761 K.9 Buch der Intabulationen 1705-1766","SK-MO Jur 2761",,,,"14th century",Slovakia,,,,,,,"http://cantus.sk/source/198",,,,
"SK-BRsa Inv.Nr. 184 Zalka antiphonarium","SK-BRsa Palffy 184",,,,"15th century","Oradea - Transylvania",,,,,,,"http://cantus.sk/source/13693",,,,
"PL-Wn  12722 V Graduał opata tynieckiego Mścisława","rps 12722 V",,,,"14th century",Tyniec,,,,,,,"http://cantus.ispan.pl/source/4559",,,,
"PL-WRu I F 411 Cistercian Gradual (Silesia)","I F 411",,,,"13th century","Cistercians, Lubiąż (Silesia) - Cistercians, Kamieniec Ząbkowicki (Silesia)",,,,,,,"http://cantus.ispan.pl/source/13707",,,,
"V-CVbav : Vat.lat.04770","V-CVbav Vat.lat.04770",,,,"11th century","Italie Centrale",,,,,,,"http://musmed.eu/source/29524",,,,
"F-Pn : NAL 01669","F-Pn NAL 01669",,,,"12th century",Gubbio,,,,,,,"http://musmed.eu/source/13547",,,,
"F-Pm : Ms 0384","F-Pm Ms 0384",,,,"11th century","Abbaye royale de Saint-Denis",,,,,,,"http://musmed.eu/source/15589",Monastic,,,
"CH-ROM : Ms. liturg. FiD 5","CH-ROM Ms. liturg. FiD 5",,,,"13th century","Abbaye de Haut-Crêt (?)",,,,,,,"http://musmed.eu/source/97795",,,,
"F-SEm : Ms 018","F-SEm Ms 018",,,,"13th century","Abbaye Sainte-Colombe de Saint-Denis-lès-Sens (?) ou Abbaye Saint-Pierre-le-Vif de Sens (?)",,,,,,,"http://musmed.eu/source/20281",,,,
"PL-KAs 1 Cantatorium de Łask","ms. 1",,,,"16th century",Łask,,,,,,,"http://cantus.ispan.pl/source/14423",,,,
"SK-Lap (Levoča) Antiphonarium MMLE XXII/313","SK-Lap (Levoča) MMLE XXII/313",,,,"16th century",Hungary,,,,,,,"http://cantus.sk/source/29832",,,,
"SK-BJ (Bardejov) Antiphonarium MMBJ 914","SK-BJ (Bardejov) MMBJ 914",,,,"14th century",Hungary,,,,,,,"http://cantus.sk/source/29804",,,,
"CH-BEb : Cod 0348","CH-BEb Cod 0348",,,,"9th century",Fleury,,,,,,,"http://musmed.eu/source/8858",,,,
"D-Sl : Cod.Bibl.fol.065","D-Sl Cod.Bibl.fol.065",,,,"9th century",Allemagne,,,,,,,"http://musmed.eu/source/14387",,,,
"P-Cua (Coimbra) Arquivo Distrital e da Universidade IV-3ª Gav. 44 (03)","P-Cua IV-3ª Gav. 44 (03)",,,,"c. 1100","Coimbra, Colégio de Jesus?",,,,,,,"http://pemdatabase.eu/source/96874",,,,
"SK-KO (Košice) Antiphonarium H III/2 mac 13","SK-KO (Košice) H III/2 mac 13",,,,"15th century","Slovakia (medieval Hungary) Premonstratensians",,,,,,,"http://cantus.sk/source/30728",,,,
"SK-MO (Modra) Magistrát mesta Modry 3121 Kammerrechnung 1669","SK-MO 3121",,,,"15th century","Transylvania-Várad, Zalka antiphonary",,,,,,,"http://cantus.sk/source/160",,,,
"GB-Lbl : Additional 29988","GB-Lbl Additional 29988",,,,"12th century",Roma,,,,,,,"http://musmed.eu/source/29540",Romanum,,,
"PL-SAk 40 Graduał z Sandomierza",40,,,,"14th century",Sandomierz,,,,,,,"http://cantus.ispan.pl/source/26589",,,,
"D-B : Ms mus 40078","D-B Ms mus 40078",,,,"12th century",Quedlinburg,,,,,,,"http://musmed.eu/source/8817",,,,
"F-G : Ms 0084 (Ms. 395 Rés.)","F-G Ms 0084 (Ms. 395 Rés.)",,,,"12th century","à l’usage de la Grande Chartreuse (provenant du monastère des Ecouges ?",,,,,,,"http://musmed.eu/source/10075",,,,
"I-BGc : MA 150 (Psi III.8)","I-BGc MA 150 (Psi III.8)",,,,"12th century","Brescia, sans doute S. Giovanni de Foris (?)",,,,,,,"http://musmed.eu/source/41838",,,,
"A-KN : Cod 0588","A-KN Cod 0588",,,,"13th century",Klosterneuburg,,,,,,,"http://musmed.eu/source/11390",Romanum,,,
"SK-BSa (Banská Štiavnica) Copirbuch No.inv. 630, 1626    ","SK-BSa 630",,,,"15th century",Slovakia,,,,,,,"http://cantus.sk/source/101",,,,
"SK-BJ (Bardejov) Antiphonarium MMBJ 1814","SK-BJ (Bardejov) MMBJ 1814",,,,"16th century",Hungary,,,,,,,"http://cantus.sk/source/29807",,,,
"D-KNd : Ms 1001b","D-KNd Ms 1001b",,,,"13th century","Köln, Minoritenkonvent",,,,,,,"http://musmed.eu/source/11493",,,,
"V-CVbav : Archivio di San Pietro F.15","V-CVbav Archivio di San Pietro F.15",,,,"11th century",Italie,,,,,,,"http://musmed.eu/source/14746",,,,
"A-Gu : Ms 0807","A-Gu Ms 0807",,,,"12th century",Klosterneuburg,,,,,,,"http://musmed.eu/source/10059",Monastic,,,
"V-CVbav : Reg.lat.0342","V-CVbav Reg.lat.0342",,,,"11th century","Nord de la France",,,,,,,"http://musmed.eu/source/96119",,,,
"F-Pa : Ms 1169","F-Pa Ms 1169",,,,"10th century","Cathédrale d’Autun",,,,,,,"http://musmed.eu/source/12857",,,,
"GB-Dru : Cosin V.V.6","GB-Dru Cosin V.V.6",,,,"11th century","Abbaye Christ Church de Cantorbéry",,,,,,,"http://musmed.eu/source/15574",,,,
"I-Bc : Q 09","I-Bc Q 09",,,,"12th century","Italie du Nord (Ravenna ?)",,,,,,,"http://musmed.eu/source/8922",,,,
"SK-TN (Trenčín) MMTN – Kn/I-11","SK-TN MMTN – Kn/I-11",,,,"15th century","Moravia/ Slovakia: Nové Mesto nad Váhom (?)",,,,,,,"http://cantus.sk/source/28776",,,,
"F-Pn : Lat. 2142","F-Pn Lat. 2142",,,,"11th century","Abbaye cistercienne de Bonport (dioc. Evreux) ; Entra en 1732 à la Bibliothèque royale. Anc. cotes : Colbert 2784 ;Regius 4021",,,,,,,"http://musmed.eu/source/13107",Monastic,,,
"SK-PREa (Prešov) Breviarium 2","SK-PREa (Prešov) Zb. ilum. 5 ",,,,"14th century",Hungary,,,,,,,"http://cantus.sk/source/29825",,,,
"I-Rv : C. 0032","I-Rv C. 0032",,,,"11th century",Montecassino,,,,,,,"http://musmed.eu/source/14185",,,,
"D-DS : Hs 2297","D-DS Hs 2297",,,,"11th century","Darmstadt, Germany",,,,,,,"http://musmed.eu/source/9542",,,,
"SK-Bra (Bratislava) EC Lad.2/48","SK-Bra ECLad.2/48",,,,"15th century",Slovakia,,,,,,,"http://cantus.sk/source/10965",,,,
"SK-Brl (Bratislava) Lyc F I 5","SK-BRl Lyc FI5",,,,"15th century",Germany,,,,,,,"http://cantus.sk/source/4986",,,,
"SK-BRsa Antiphonarium Scepusiense Protocol II","SK-BRsa Spis II",,,,"15th century","Slovakia - Spišská Kapitula",,,,,,,"http://cantus.sk/source/13839",,,,
"SK-BRsa Antiphonarium Bibliotheca Capituli Posoniensis Phil. 122","SK-BRsa Phil.122",,,,"15th century","Central Europe/ Poland",,,,,,,"http://cantus.sk/source/13899",,,,
"D-Mbs : Clm 00052","D-Mbs Clm 00052",,,,"9th century",Regensburg,,,,,,,"http://musmed.eu/source/12104",,,,
"D-Mbs : Clm 23621","D-Mbs Clm 23621",,,,"12th century","Italie, zone de Benevento",,,,,,,"http://musmed.eu/source/12375",,,,
"V-CVbav : Reg.lat.0255","V-CVbav Reg.lat.0255",,,,"11th century","Fleury ?",,,,,,,"http://musmed.eu/source/95020",,,,
"SK-BJ (Bardejov) Antiphonarium MMBJ 1133","SK-BJ (Bardejov) MMBJ 1133",,,,"15th century",Hungary,,,,,,,"http://cantus.sk/source/29805",,,,
"SK-BRsa Psalterium Capitulum Posoniensis, Locus credibilis Protoc.Antiqua A","SK-BRsa LC A 1567",,,,"15th century",Bratislava,,,,,,,"http://cantus.sk/source/13905",,,,
"SK-Lap (Levoča) Antiphonarium MMLE XXII/305","SK-Lap (Levoča) MMLE XXII/305",,,,"16th century",Hungary,,,,,,,"http://cantus.sk/source/29830",,,,
"CH-E : Cod 0083","CH-E Cod 0083",,,,"11th century","Einsiedeln, 11. Jh. (1060-1075/1100)",,,,,,,"http://musmed.eu/source/9751",Monastic,,,
"SK-BSa (Banská Štiavnica) Copirbuch No.inv. 610, 59 MMBŠ 16K55 1589-1591 (1696, 1700), škatuľa 17","SK-BSa 610",,,,"15th century",Slovakia,,,,,,,"http://cantus.sk/source/89",,,,
"SK-TN (Trenčín) ZH-A Sine num. sig. (18)","SK-TN ZH-A Sine num. sig.  (18)",,,,"15th century","Slovakia/Central Europe (?)",,,,,,,"http://cantus.sk/source/28830",,,,
"SK-KO (Košice) Antiphonarium H III/2 mac 16","SK-KO (Košice) H III/2 mac 16",,,,"15th century","Slovakia (medieval Hungary) Premonstratensians",,,,,,,"http://cantus.sk/source/30730",,,,
"P-G (Guimarães) Arquivo Municipal Alfredo Pimenta C 1508","P-G C 1508",,,,1547,"Guimarães, Colegiada de Nossa Senhora da Oliveira",,,,,,,"http://pemdatabase.eu/source/49684",,,,
"D-Mbs : Clm 03005","D-Mbs Clm 03005",,,,"9th century","Bavière, Andechs, Abbaye bénédictine d'Andechs",,,,,,,"http://musmed.eu/source/12134",,,,
"SK-MO (Modra) Magistrát mesta Modry 4925 Rechnungen des Kirchenvaters 1610-1615","SK-MO 4925",,,,"15th century",Slovakia,,,,,,,"http://cantus.sk/source/178",,,,
"US-PHf : Lewis T72","US-PHf Lewis T72",,,,"12th century","Italie, zone de Ravenna (?)",,,,,,,"http://musmed.eu/source/98227",,,,
"B-Br : Ms 10127-44","B-Br Ms 10127-44",,,,"9th century","Abbaye du Mont-Blandin (jusqu'en 1566)",,,,,,,"http://musmed.eu/source/9026",,,,
"F-Pn : Lat. 12050","F-Pn Lat. 12050",,,,"9th century",Corbie,,,,,,,"http://musmed.eu/source/13374",,,,
"SK-BJ (Bardejov) Antiphonarium MMBJ 1779","SK-BJ (Bardejov) MMBJ 1779",,,,"14th century",Hungary,,,,,,,"http://cantus.sk/source/29806",,,,
"D-B : Ms Gall. Qu. 048","D-B Ms Gall. Qu. 048",,,,"12th century","Ouest de la France",,,,,,,"http://musmed.eu/source/8810",,,,
"F-Pn : NAL 01890","F-Pn NAL 01890",,,,"12th century","Eglise de la Madeleine de Barbechat (près de Nantes)",,,,,,,"http://musmed.eu/source/13550",,,,
"SK-BEt (Betliar) Slovenské národné múzeum - Múzeum Betliar 3 BREVIARIUM Sign. K0000/07120, HK 07120/I","SK-BEt K0000/07120",,,,"15th century",OFM,,,,,,,"http://cantus.sk/source/29069",,,,
"SK-KO (Košice) Antiphonarium Varadinense H III/2 mac 53","SK-KO (Košice) H III/2 mac 53",,,,"15th century","medieval Hungary (Transylvania, Oradea)",,,,,,,"http://cantus.sk/source/31158",,,,
"F-SEm : Ms 009","F-SEm Ms 009",,,,"12th century",Sens,,,,,,,"http://musmed.eu/source/20187",,,,
"D-Sl : Cod.theol.et.phil.fol.202","D-Sl Cod.theol.et.phil.fol.202",,,,"9th century","Sud de l'Allemagne",,,,,,,"http://musmed.eu/source/14455",,,,
"SK-Lap (Levoča) Antiphonarium MMLE XXII/309","SK-Lap (Levoča) MMLE XXII/309",,,,"16th century",Hungary,,,,,,,"http://cantus.sk/source/29836",,,,
"SK-MO (Modra) Magistrát mesta Modry 3097 II.2.38.292. Kammerrechnung 1645","SK-MO 3097",,,,"15th century",Slovakia,,,,,,,"http://cantus.sk/source/145",,,,
"D-Sl : HB VII 037","D-Sl HB VII 037",,,,"10th century","Constance ?",,,,,,,"http://musmed.eu/source/14470",,,,
"SK-BSa (Banská Štiavnica) Copirbuch No.inv. 608, 57 MMBŠ 16K53 1587-1588, škatuľa 17","SK-BSa 608",,,,"15th century",Slovakia,,,,,,,"http://cantus.sk/source/87",,,,
"SK-BSa (Banská Štiavnica) Wachgeldregister 1595-1596, 98 MMBŠ 16K94, škatuľa 24","SK-BSa 98 16K94",,,,"14th century",Slovakia,,,,,,,"http://cantus.sk/source/116",,,,
"US-Baw : W.0011","US-Baw W.0011",,,,"11th century","Ravenne diocèse",,,,,,,"http://musmed.eu/source/8646",,,,
"SK-BRnm (Bratislava) MUS XVIII 666","SK-BRnm MUS XVIII 666",,,,"14th century",Slovakia,,,,,,,"http://cantus.sk/source/220",,,,
"SK-BEt (Betliar) Slovenské národné múzeum - Múzeum Betliar 12 BREVIARIUM Sign. K0000/11909, HK 11909","SK-BEt  K0000/11909",,,,"15th century","Central Europe (Slovakia)",,,,,,,"http://cantus.sk/source/29078",,,,
"SK-Lap (Levoča) Antiphonarium MMLE XXI/76","SK-Lap (Levoča) MMLE XXI/76",,,,"16th century",Hungary,,,,,,,"http://cantus.sk/source/29834",,,,
"D-DS : Hs 1946","D-DS Hs 1946",,,,"11th century",Echternach,,,,,,,"http://musmed.eu/source/9535",,,,
"GB-Ob : Selden Supra 0027","GB-Ob Selden Supra 0027",,,,"11th century","Bavière,  Diocèse d'Eichstätt,  Heidenheim, Abbaye St Wunibald d'Heidenheim",,,,,,,"http://musmed.eu/source/126992",,,,
"SK-BJ (Bardejov) Breviarium MMBJ 1792","SK-BJ (Bardejov) MMBJ 1792",,,,"14th century",Hungary,,,,,,,"http://cantus.sk/source/29811",,,,
"GB-Ob : Ms Canon. Liturg. 0342","GB-Ob Ms Canon. Liturg. 0342",,,,"13th century","Dalmatia, Ragusa (Dubrovnik), Abbaye Benedictine St Marie de Dubrovnik",,,,,,,"http://musmed.eu/source/119661",,,,
"SK-Bra (Bratislava) EL 8","SK-Bra EL8",,,,"14th century","Slovakia / Hungary",,,,,,,"http://cantus.sk/source/10969",,,,
"SK-KOs (Košice) Antiphonarium V 981 PA","SK-KOs V 981 PA",,,,"15th century",Slovakia ,,,,,,,"http://cantus.sk/source/10447",,,,
"SK-BRnm (Bratislava) MUS I 14","SK-BRnm MUS I 14",,,,"14th century",Slovakia,,,,,,,"http://cantus.sk/source/214",,,,
"SK-TN (Trenčín) ZH-A Sine num.sig. (22)","SK-TN ZH-A Sine num.sig. (22)",,,,"15th century","Slovakia/Central Europe (?) ",,,,,,,"http://cantus.sk/source/28834",,,,
"F-Pn : NAL 01236 (2r-2v ; 179r-180v)","F-Pn NAL 01236 (2r-2v ; 179r-180v)",,,,"11th century",Nevers,,,,,,,"http://musmed.eu/source/158279",Monastic,,,
"SK-MO (Modra) Magistrát mesta Modry 571 Gerichtsprotokolle (Diarum iudiciale civitatis Modor) 1670-1672","SK-MO 571",,,,"15th century","Transylvania-Várad, Zalka antiphonary",,,,,,,"http://cantus.sk/source/139",,,,
"SK-Bra (Bratislava) EC Lad.1/10","SK-Bra ECLad.1/10",,,,"14th century",Germany,,,,,,,"http://cantus.sk/source/10951",,,,
"SK-BRu (Bratislava) Ms 1327","SK-BRu Ms1327",,,,"15th century","Central Europe (Poland)",,,,,,,"http://cantus.sk/source/5615",,,,
"F-SOM : Ms 0252","F-SOM Ms 0252",,,,"11th century",Saint-Bertin,,,,,,,"http://musmed.eu/source/14203",,,,
"F-ME : Ms 0732 bis (Pièce 02)","F-ME Ms 0732 bis (Pièce 02)",,,,"13th century","Est de la France",,,,,,,"http://musmed.eu/source/21673",Romanum,,,
"P-EVp (Évora) Biblioteca Pública Pasta 3, doc. 006","P-EVp Pasta 3, doc. 006",,,,"late 14th cent.","Évora, Catedral",,,,,,,"http://pemdatabase.eu/source/101288",unknown,,,
"V-CVbav : Barb.lat.0631","V-CVbav Barb.lat.0631",,,,"11th century",Montecassino,,,,,,,"http://musmed.eu/source/14761",,,,
"SK-KO (Košice) Antiphonarium H III/1 B. no. 2","SK-KO (Košice)  H III/1 B. no. 2",,,,"15th century","Slovakia (medieval Hungary) Premonstratensians",,,,,,,"http://cantus.sk/source/30723",,,,
"SK-BRsa (Bratislava) Slovenský národný archív - Graduale Nitriensis","SK-BRsa SNA 67",,,,"16th century","Slovakia - Nitra",,,,,,,"http://cantus.sk/source/6776",,,,
"SK-BRsa Antiphonarium Scepusiense Protoc. I 1510 (1632)","SK-BRsa Spis 1510",,,,"15th century","Slovakia - Spišská Kapitula",,,,,,,"http://cantus.sk/source/13840",,,,
"A-KN : Cod 0073","A-KN Cod 0073",,,,"13th century",Klosterneuburg,,,,,,,"http://musmed.eu/source/17327",,,,
"F-ME : Ms 0732 (15)","F-ME Ms 0732 (15)",,,,"11th century",France,,,,,,,"http://musmed.eu/source/21649",,,,
"SK-Lap (Levoča) Antiphonarium MMLE XXII/310","SK-Lap (Levoča) MMLE XXII/310",,,,"16th century",Hungary,,,,,,,"http://cantus.sk/source/29831",,,,
"F-BG : Ms 0036","F-BG Ms 0036",,,,"11th century",France,,,,,,,"http://musmed.eu/source/8956",,,,
"F-LA : Ms 0118","F-LA Ms 0118",,,,"9th century","France, Abbaye royale de Saint-Denis",,,,,,,"http://musmed.eu/source/11594",,,,
"F-RS : Ms 0264","F-RS Ms 0264",,,,"13th century","Reims St Thierry",,,,,,,"http://musmed.eu/source/14067",,,,
"GB-Ccc : Ms 473","GB-Ccc Ms 473",,,,"11th century",Winchester,,,,,,,"http://musmed.eu/source/9130",,,,
"CH-SGs : Cod 0378","CH-SGs Cod 0378",,,,"11th century","St Gallen",,,,,,,"http://musmed.eu/source/14289",,,,
"CH-SGv : VadSlg Ms 0295","CH-SGv VadSlg Ms 0295",,,,"11th century","Kapelle Peter und Paul in Rotmonten bei St.Gallen",,,,,,,"http://musmed.eu/source/14258",,,,
"SK-KOs (Košice) Antiphonarium R 246 PA","SK-KOs R 246 PA",,,,"15th century",Bohemia,,,,,,,"http://cantus.sk/source/10448",,,,
"SK-TN (Trenčín) MMTN – Kn/I-27","SK-TN MMTN – Kn/I-27",,,,"15th century","Moravia/ Slovakia: Nové Mesto nad Váhom (?)",,,,,,,"http://cantus.sk/source/28827",,,,
"F-LG : Ms 0002 (17)","F-LG Ms 0002 (17)",,,,"13th century","Chapitre de Saint Julien (Limoges)",,,,,,,"http://musmed.eu/source/11655",,,,
"SK-BSa (Banská Štiavnica) Copirbuch No.inv. 612, 61 MMBŠ 16K57 1593-1595, škatuľa 18","SK-BSa 612",,,,"15th century",Slovakia,,,,,,,"http://cantus.sk/source/90",,,,
"SK-BRnm (Bratislava) MUS I 79","SK-BRnm MUS I 79",,,,"16th century",Slovakia,,,,,,,"http://cantus.sk/source/216",,,,
"SK-TN (Trenčín) MMTN – Kn/I-14","SK-TN MMTN – Kn/I-14",,,,"15th century","Moravia/ Slovakia: Nové Mesto nad Váhom (?)",,,,,,,"http://cantus.sk/source/28779",,,,
"D-Mbs : Clm 14615","D-Mbs Clm 14615",,,,"11th century","München, Germany",,,,,,,"http://musmed.eu/source/12286",,,,
"SK-BRnm (Bratislava) Cantionae sacrae","SK-BRnm MUS I 92",,,,"17th century","Slovensko - Bratislava",,,,,,,"http://cantus.sk/source/22967",,,,
"SK-Bra (Bratislava) EC Lad.2/49","SK-Bra ECLad.2/49",,,,"15th century",Slovakia,,,,,,,"http://cantus.sk/source/10966",,,,
"F-Pn : Lat. 18010","F-Pn Lat. 18010",,,,"11th century","Abbaye Saint-Corneille de Compiègne",,,,,,,"http://musmed.eu/source/13514",,,,
"D-BAa : Msc Lit 007","D-BAa Msc Lit 007",,,,"11th century","Seeon (Haute-Bavière)",,,,,,,"http://musmed.eu/source/8678",,,,
"F-AS : Ms 0437 (cat. 1011)","F-AS Ms 0437 (cat. 1011)",,,,"13th century","St Vaast d'Arras",,,,,,,"http://musmed.eu/source/8481",,,,
"SK-KO (Košice) Antiphonarium H III/2 mac 14","SK-KO (Košice) H III/2 mac 14",,,,"15th century","Slovakia (medieval Hungary) Premonstratensians",,,,,,,"http://cantus.sk/source/30729",,,,
"F-Pn : Lat. 8883","F-Pn Lat. 8883",,,,"11th century","Abbaye de Marmoutier (dioc. de Tours)",,,,,,,"http://musmed.eu/source/13268",,,,
"SK-TN (Trenčín) MMTN – Kn/I-16","SK-TN MMTN – Kn/I-16",,,,"15th century","Moravia/ Slovakia: Nové Mesto nad Váhom (?)",,,,,,,"http://cantus.sk/source/28782",,,,
"F-AUT : Ms S 0037 (33)","F-AUT Ms S 0037 (33)",,,,"10th century",France,,,,,,,"http://musmed.eu/source/8587",,,,
"F-ME : Ms 0349","F-ME Ms 0349",,,,"10th century","Abbaye Saint-Arnould",,,,,,,"http://musmed.eu/source/21626",,,,
"SK-MO (Modra) Magistrát mesta Modry 3117 II.3.58.312. Kammerrechnung 1665","SK-MO 3117",,,,"15th century",Slovakia,,,,,,,"http://cantus.sk/source/156",,,,
"SK-MO (Modra) Magistrát mesta Modry 5196 Register der Abgaben für das Winzerrecht 1676","SK-MO 5196",,,,"15th century","Transylvania-Várad, Zalka antiphonary",,,,,,,"http://cantus.sk/source/193",,,,
"V-CVbav : Pal.lat.0295","V-CVbav Pal.lat.0295",,,,"12th century","Allemagne ?",,,,,,,"http://musmed.eu/source/14828",,,,
"F-Pn : Lat. 8922","F-Pn Lat. 8922",,,,"12th century","Abbaye d’Echternach",,,,,,,"http://musmed.eu/source/13274",,,,
"F-O : Ms 150","F-O Ms 150",,,,"12th century","Abbaye de Fleury",,,,,,,"http://musmed.eu/source/12672",,,,
"P-Cug (Coimbra) Biblioteca Geral da Universidade MM 0045","P-Cug MM 0045",,,,"late 15th century","Coimbra, Mosteiro de São Marcos?",,,,,,,"http://pemdatabase.eu/source/46513",Secular,,,
"I-FROas : Collezione delle permamene 82 (99)","I-FROas Collezione delle permamene 82 (99)",,,,"12th century",Italie,,,,,,,"http://musmed.eu/source/15487",,,,
"Montréal, McGill University - Rare Books and Special Collections - Manuscript Collection, MS Medieval 0072 (fragment)","CDN-Mlr MS Medieval 0072 (fragment)",,,,"15th century",Italy,,,,,,,"http://cantus.uwaterloo.ca/source/693510",,,,
"An Antiphonal from the parish at Santa Maria sopra Porta-- Stanford Libraries, Department of Special Collections: Manuscript Collection: M2223, Item 42","US-STu M2223, Item 42",,,,"15th century (1425-1450)",Italy,,,,,,,"http://cantus.uwaterloo.ca/source/693859",,,,
"SK-BRnm (Bratislava) MUS I 4","SK-BRnm MUS I 4",,,,"14th century",Slovakia,,,,,,,"http://cantus.sk/source/205",,,,
"SK-MO (Modra) Magistrát mesta Modry 741 V. 156.1237. Strafgerichtsordnung 1656","SK-MO 741",,,,"15th century","Transylvania-Várad, Zalka antiphonary",,,,,,,"http://cantus.sk/source/142",,,,
"SK-MO (Modra) Magistrát mesta Modry 5189 Register der Abgaben für das Winzerrecht 1669","SK-MO 5189",,,,"15th century","Transylvania-Várad, Zalka antiphonary",,,,,,,"http://cantus.sk/source/187",,,,
"P-G (Guimarães) Arquivo Municipal Alfredo Pimenta C 0192","P-G C 0192",,,,"15th cent.","Guimarães, Colegiada de Nossa Senhora da Oliveira",,,,,,,"http://pemdatabase.eu/source/47402",unknown,,,
"I-Bc : Q 03 (Fr 022)","I-Bc Q 03 (Fr 022)",,,,"12th century","Italie centrale",,,,,,,"http://musmed.eu/source/33184",,,,
"NL-Uu : Hs. 0415","NL-Uu Hs. 0415",,,,"15th century",Maastricht,,,,,,,"http://musmed.eu/source/15626",,,,
"SK-MO (Modra) Magistrát mesta Modry 5197 Register der Abgaben für das Winzerrecht 1677","SK-MO 5197",,,,"15th century","Transylvania-Várad, Zalka antiphonary",,,,,,,"http://cantus.sk/source/194",,,,
"SK-BRnm (Bratislava) MUS I 1","SK-BRnm MUS I 1",,,,"15th century",Slovakia,,,,,,,"http://cantus.sk/source/202",,,,
"SK-BRsa Lad. XV.Fasc.8, nr. 2","SK-BRsa Erdődy XV 8 2",,,,"16th century","Central Europe",,,,,,,"http://cantus.sk/source/13689",,,,
"SK-BSa (Banská Štiavnica) Protocollum No.inv.581 1561","SK-BSa 581",,,,"14th century",Slovakia,,,,,,,"http://cantus.sk/source/80",,,,
"SK-MO (Modra) Magistrát mesta Sv. Jur 5991 Inventar des Stadtweins 1612-1644","SK-MO Jur 5991",,,,"15th century",Slovakia,,,,,,,"http://cantus.sk/source/201",,,,
"SK-MO (Modra) Magistrát mesta Sv. Jur 5421 Waisenrechnungen 1637-1638","SK-MO Jur 5421",,,,"15th century",Slovakia,,,,,,,"http://cantus.sk/source/200",,,,
"SK-BRu (Bratislava) Ms 1316","SK-BRu Ms1316",,,,"13th century","Central Europe",,,,,,,"http://cantus.sk/source/5610",,,,
"SK-PREa (Prešov) Antiphonarium 1","SK-PREa (Prešov) Zb. ilum. 1 ",,,,"15th century",Hungary,,,,,,,"http://cantus.sk/source/29821",,,,
"SK-Lap (Levoča) Antiphonarium MMLE XXII/312","SK-Lap (Levoča) MMLE XXII/312",,,,"16th century",Hungary,,,,,,,"http://cantus.sk/source/29835",,,,
"SK-BRnm (Bratislava) D.2/2005","SK-BRnm D 2 2005",,,,"15th century",Slovakia,,,,,,,"http://cantus.sk/source/219",,,,
"Prague, University library XI C 3 ","CZ-Pu XI C 3",,,,"11th century (1025-1050)",Prague,,,,,,,"http://cantus.uwaterloo.ca/source/588729",,,,
"F-AI : Ms 0042","F-AI Ms 0042",,,,"10th century","Albi Cathédrale Sainte Cécile",,,,,,,"http://musmed.eu/source/8385",,,,
"D-Mbs : Clm 06250","D-Mbs Clm 06250",,,,"9th century","Environs de Freising",,,,,,,"http://musmed.eu/source/12176",,,,
"PL-Kl RL 1 Graduał wiślicki","RL 1",,,,"14th century",Wiślica,,,,,,,"http://cantus.ispan.pl/source/13732",,,,
"CH-E : Cod 0205","CH-E Cod 0205",,,,"10th century","Suisse ?",,,,,,,"http://musmed.eu/source/9756",,,,
"SK-Bra (Bratislava) EC Lad.2/46","SK-Bra ECLad.2/46",,,,"15th century",Slovakia,,,,,,,"http://cantus.sk/source/10963",,,,
"SK-BSa (Banská Štiavnica) Protocollum No.inv.58/?/ 156/?/","SK-BSa 582 /?/",,,,"14th century",Slovakia,,,,,,,"http://cantus.sk/source/81",,,,
"SK-Bra (Bratislava) Štátny archív v Bratislave - EC Lad. 6, Varia Antiphonarium","SK-Bra ECLad.6 A",,,,"15th century",Bratislava,,,,,,,"http://cantus.sk/source/17590",,,,
"SK-BRsa Antiphonarium Scepusiense Protoc. XX Anni 1551-1559, 1618-1632","SK-BRsa Spis 1551",,,,"15th century","Slovakia - Spišská Kapitula",,,,,,,"http://cantus.sk/source/13834",,,,
"SK-Lap (Levoča) Antiphonarium MMLE XXII/258","SK-Lap (Levoča) MMLE XXII/258",,,,"14th century",Hungary,,,,,,,"http://cantus.sk/source/29837",,,,
"SK-MO (Modra) Magistrát mesta Modry 5146 Register der Abgaben für das Winzerrecht 1625","SK-MO 5146",,,,"15th century",Slovakia,,,,,,,"http://cantus.sk/source/179",,,,
"SK-BSa (Banská Štiavnica) Copirbuch No.inv. 620, 1611-1612 ","SK-BSa 620",,,,"14th century",Slovakia,,,,,,,"http://cantus.sk/source/94",,,,
"F-LA : Ms 0239","F-LA Ms 0239",,,,"9th century",Laon,,,,,,,"http://musmed.eu/source/11599",,,,
"F-Pn : Lat. 9436","F-Pn Lat. 9436",,,,"11th century","Abbaye royale de Saint-Denis",,,,,,,"http://musmed.eu/source/15586",,,,
"F-Togs : Ms 001","F-Togs Ms 001",,,,"11th century","France, Tours, Saint-Martin de Tours",,,,,,,"http://musmed.eu/source/103078",,,,
"F-Pn : Lat. 2291","F-Pn Lat. 2291",,,,"9th century","Transporté à St-Germain-des-Prés à la fin du IXe",,,,,,,"http://musmed.eu/source/13113",,,,
"F-Pn : Lat. 9449","F-Pn Lat. 9449",,,,"11th century",Nevers,,,,,,,"http://musmed.eu/source/13297",,,,
"SK-BRsa Acta anni Sedlák Nr. 11","SK-BRsa Leles 11",,,,"14th century","Slovakia / Hungary",,,,,,,"http://cantus.sk/source/13705",,,,
"Den Haag, Koninklijke Bibliotheek - Nationale Bibliotheek van Nederland, 76 E 18","NL-DHk 76 E 18",,,,"15th century",Paris,,,,,,,"http://cantus.uwaterloo.ca/source/666893",Secular,,,
"SK-KO (Košice) Antiphonarium H III/2 mac 45","SK-KO (Košice) H III/2 mac 45",,,,"15th century","cursus monasticus (Dominicans?)",,,,,,,"http://cantus.sk/source/31091",,,,
"SK-BSa (Banská Štiavnica) Protocollum No.inv.331 1676","SK-BSa 331",,,,"15th century",Slovakia,,,,,,,"http://cantus.sk/source/73",,,,
"SK-BRl (Bratislava) Rkp. 387 Missale Notatum","SK-BRl Rkp. 387",,,,"13th century",Scandinavia ,,,,,,,"http://cantus.sk/source/26226",,,,
"D-Sl : HB VII 043","D-Sl HB VII 043",,,,"10th century","zone du Lac de Constance",,,,,,,"http://musmed.eu/source/14471",,,,
"D-Mbs : Clm 14965b","D-Mbs Clm 14965b",,,,"11th century","St. Michel de Bamberg > St-Emmeram de Regensburg",,,,,,,"http://musmed.eu/source/12295",,,,
"SK-BRsa Antiphonarium Scepusiense Protoc.1556 /?/","SK-BRsa Spis 1556",,,,"15th century","Slovakia - Spišská Kapitula",,,,,,,"http://cantus.sk/source/13838",,,,
"F-O : Ms 014","F-O Ms 014",,,,"10th century","Abbayes de Fleury",,,,,,,"http://musmed.eu/source/12635",,,,
"CH-SGs : Cod 0340","CH-SGs Cod 0340",,,,"11th century","St Gallen",,,,,,,"http://musmed.eu/source/14274",,,,
"F-AVR : Ms 0032","F-AVR Ms 0032",,,,"10th century","Avranches, France",,,,,,,"http://musmed.eu/source/8628",,,,
"D-KNd : Ms 0030","D-KNd Ms 0030",,,,"11th century","Abbaye d'Amorbach ",,,,,,,"http://musmed.eu/source/11434",,,,
"SK-BRsa Kre Cx III","SK-BRsa Cx III",,,,"14th century","Central Europe",,,,,,,"http://cantus.sk/source/13684",,,,
"V-CVbav : Pal.lat.0482","V-CVbav Pal.lat.0482",,,,"11th century",Allemagne,,,,,,,"http://musmed.eu/source/14832",,,,
"SK-Brl (Bratislava) Lyc C I-VII 58","SK-BRl Lyc CI-VII58",,,,"14th century",Slovakia,,,,,,,"http://cantus.sk/source/4926",,,,
"F-O : Ms 084","F-O Ms 084",,,,"10th century","Abbaye de Fleury",,,,,,,"http://musmed.eu/source/12651",,,,
"SK-BRnm (Bratislava) MUS I 12","SK-BRnm MUS I 12",,,,"15th century",Slovakia,,,,,,,"http://cantus.sk/source/212",,,,
"SK-BRnm (Bratislava) MUS I 6","SK-BRnm MUS I 6",,,,"15th century",Slovakia,,,,,,,"http://cantus.sk/source/207",,,,
"SK-BRsa Antiphonarium Scepusiense sine Sign. Anni 1560","SK-BRsa Spis 1560",,,,"15th century","Slovakia - Spišská Kapitula",,,,,,,"http://cantus.sk/source/13706",,,,
"SK-Bra (Bratislava) EC Lad.1/8","SK-Bra ECLad.1/8",,,,"14th century",Germany,,,,,,,"http://cantus.sk/source/10950",,,,
"SK-MO (Modra) Magistrát mesta Modry 5188 Register der Abgaben für das Winzerrecht 1668","SK-MO 5188",,,,"15th century","Transylvania-Várad, Zalka antiphonary",,,,,,,"http://cantus.sk/source/186",,,,
"SK-KOs (Košice) Antiphonarium U 383 PA","SK-KOs U 383 PA",,,,"16th century",Germany,,,,,,,"http://cantus.sk/source/10449",,,,
"SK-Bra (Bratislava) EC Lad.2/41","SK-Bra ECLad.2/41",,,,"15th century","Central Europe",,,,,,,"http://cantus.sk/source/10958",,,,
"SK-BSa (Banská Štiavnica) Liber Continens 1583, No.inv.1271, 159 MMBŠ 16K155 1583, škatuľa 33","SK-BSa 1271",,,,"16th century",Slovakia,,,,,,,"http://cantus.sk/source/132",,,,
"F-Pn : Lat. 10754","F-Pn Lat. 10754",,,,"10th century","Jésuites du Collège de Clermont à Paris",,,,,,,"http://musmed.eu/source/13338",,,,
"SK-BRsa Antiphonarium Bibliotheca Capituli Posoniensis S. Pat. 61","SK-BRsa S.Pat.61",,,,"15th century",Bratislava,,,,,,,"http://cantus.sk/source/13902",,,,
"I-Pc B16*","I-Pc B16*",,,,"13th century (2nd half)",Padova,,,,,,,"http://cantus.uwaterloo.ca/source/690764",,,,
"Rome, Santa Sabina, Archivum Generale Ordinis Praedicatorum, XIV L1","I-Rss XIV L1 (Graduale)",,,,"13th century",Dominican,,,,,,,"http://cantus.uwaterloo.ca/source/674599",Secular,,,
"Milwaukee, Raynor Archive at Marquette University, BX1999.85.82 1562 Volume 1","US-Mu BX1999.85.82 1562 Volume 1",,,,"16th century",Spain,,,,,,,"http://cantus.uwaterloo.ca/source/712288",Monastic,,,
"P-VV (Vila Viçosa) Biblioteca do Palácio Real A.M. A-003","P-VV A.M. A-003",,,,"17th century","Vila Viçosa, Capela Ducal",,,,,,,"http://pemdatabase.eu/source/96558",unknown,,,
"Missae et Cantica P-Cmn (Coimbra) Museu Nacional de Machado de...","P-Cmn 1131",,,,"16th century",Coimbra,,,,,,,"http://pemdatabase.eu/source/52377",,,,
"PL-CZa ss Graduale Romanum",ss,,,,"17th century",Kraków,,,,,,,"http://cantus.ispan.pl/source/13553",,,,
"F-NS : Ms 0004","F-NS Ms 0004",,,,"12th century",Valence,,,,,,,"http://musmed.eu/source/12600",,,,
"GB-Lbl : Additional 18032","GB-Lbl Additional 18032",,,,"13th century","Abbaye bénédictine de Stavelot",,,,,,,"http://musmed.eu/source/22359",,,,
"SK-BSa (Banská Štiavnica) Gemeiner Stadt Schemnitz Wochentlich Lon Register 1550 (sine Sign.)","SK-BSa 1550",,,,"15th century",Slovakia,,,,,,,"http://cantus.sk/source/126",,,,
"SK-TN (Trenčín) MMTN – Kn/I-15","SK-TN MMTN – Kn/I-15",,,,"15th century","Moravia/ Slovakia: Nové Mesto nad Váhom (?)",,,,,,,"http://cantus.sk/source/28780",,,,
"GB-Lbl : Additional 18031","GB-Lbl Additional 18031",,,,"13th century","Abbaye bénédictine de Stavelot",,,,,,,"http://musmed.eu/source/22358",,,,
"D-Kl : Theol. quart 0015","D-Kl Theol. quart 0015",,,,"11th century","Kaufungen (puis entré en 1527 à la bibliothèque de Kassel)",,,,,,,"http://musmed.eu/source/11376",,,,
"D-BAa : Msc Lit 006","D-BAa Msc Lit 006",,,,"11th century","Regensburg St. Emmeram ",,,,,,,"http://musmed.eu/source/8677",,,,
"F-LA : Ms 0236","F-LA Ms 0236",,,,"11th century",Reims,,,,,,,"http://musmed.eu/source/11597",,,,
"CH-SGs : Cod 0382","CH-SGs Cod 0382",,,,"11th century","St Gallen",,,,,,,"http://musmed.eu/source/14292",,,,
"CH-SGs : Cod 0376","CH-SGs Cod 0376",,,,"11th century","St Gallen",,,,,,,"http://musmed.eu/source/14288",,,,
"SK-MO (Modra) Magistrát mesta Modry 563 Gerichtsprotokolle (Diarum iudiciale civitatis Modor) 1652-1654","SK-MO 563",,,,"15th century",Slovakia,,,,,,,"http://cantus.sk/source/134",,,,
"SK-Brl (Bratislava) R 15301","SK-BRl R15301",,,,"15th century",Bohemia,,,,,,,"http://cantus.sk/source/4993",,,,
"SK-MO (Modra) Magistrát mesta Modry 5168 Register der Abgaben für das Winzerrecht 1648","SK-MO 5168",,,,"15th century",Slovakia,,,,,,,"http://cantus.sk/source/183",,,,
"SK-Bra (Bratislava) EC Lad.2/45","SK-Bra ECLad.2/45",,,,"14th century",Slovakia,,,,,,,"http://cantus.sk/source/10962",,,,
"F-TLad : Ms 121 (I. 5)","F-TLad Ms 121 (I. 5)",,,,"11th century","Environs de Toulouse",,,,,,,"http://musmed.eu/source/14507",,,,
"E-E : I.II.10","E-E I.II.10",,,,"11th century","Sud-Ouest de la France",,,,,,,"http://musmed.eu/source/164148",,,,
"F-ME : Ms 1168","F-ME Ms 1168",,,,"12th century","Abbaye Saint-Sauveur d’Anchin",,,,,,,"http://musmed.eu/source/21770",,,,
"SK-BSa (Banská Štiavnica)  Insleth Berechnung 1574 (sine Sign.)","SK-BSa 1574",,,,"14th century",Slovakia,,,,,,,"http://cantus.sk/source/123",,,,
"Kansas City, Miller Nichols Library, LaBudde Special Collection, MS 0285 Object 2","US-KClbc MS 0285 Object 2",,,,"17th century",Spain,,,,,,,"http://cantus.uwaterloo.ca/source/711113",,,,
"SK-Brl (Bratislava) ŠA I 106","SK-BRl ŠAI106",,,,"15th century",Germany,,,,,,,"http://cantus.sk/source/5005",,,,
"SK-Bra (Bratislava) EC Lad.2/44","SK-Bra ECLad.2/44",,,,"15th century","Central Europe",,,,,,,"http://cantus.sk/source/10961",,,,
"SK-Brl (Bratislava) V. teol. 1426","SK-BRl V.teol. 1426",,,,"15th century",Germany,,,,,,,"http://cantus.sk/source/4728",,,,
"SK-Brl (Bratislava) Frag. 9","SK-BRl Frag. 9",,,,"15th century",Slovakia,,,,,,,"http://cantus.sk/source/4458",,,,
"V-CVbav : Reg.lat.1462","V-CVbav Reg.lat.1462",,,,"11th century","France, Abbaye de Fleury",,,,,,,"http://musmed.eu/source/14891",,,,
"F-Pn : Lat. 6288","F-Pn Lat. 6288",,,,"10th century",Moissac,,,,,,,"http://musmed.eu/source/13193",,,,
"SK-BRsa Antiphonarium Bibliotheca Capituli Posoniensis Human. 85","SK-BRsa Human.85",,,,"15th century","Central Europe",,,,,,,"http://cantus.sk/source/13888",,,,
"D-DÜl : Ms D 001","D-DÜl Ms D 001",,,,"9th century",Essen,,,,,,,"http://musmed.eu/source/9714",,,,
"SK-BRsa Antiphonarium Bibliotheca Capituli Posoniensis Scr. 78","SK-BRsa Scr.78",,,,"15th century","Slovakia / Hungary",,,,,,,"http://cantus.sk/source/13901",,,,
"CH-E : Cod 0036","CH-E Cod 0036",,,,"12th century",Einsiedeln,,,,,,,"http://musmed.eu/source/9750",,,,
"SK-BEt (Betliar) Slovenské národné múzeum - Múzeum Betliar 18 ANTIPHONARIUM Sign. 2019/00134, HK 14231","SK-BEt  2019/00134, HK 14231",,,,"15th century","Germany/ Poland",,,,,,,"http://cantus.sk/source/29084",,,,
"SK-BSa (Banská Štiavnica) Copirbuch No.inv. 627, 1621-1623  ","SK-BSa 627",,,,"15th century",parchment,,,,,,,"http://cantus.sk/source/98",,,,
"D-KNd : Ms 0015","D-KNd Ms 0015",,,,"9th century",Meuse,,,,,,,"http://musmed.eu/source/11433",,,,
"SK-MO (Modra) Magistrát mesta Modry 568 Gerichtsprotokolle (Diarum iudiciale civitatis Modor) 1662-1663","SK-MO 568",,,,"15th century",Slovakia,,,,,,,"http://cantus.sk/source/136",,,,
"F-CACw : P. 12","F-CACw P. 12",,,,"14th century","Rives-en-Seine (Olim : Saint-Wandrille-Rançon), France",,,,,,,"http://musmed.eu/source/46837",,,,
"SK-BRsa Antiphonarium Bibliotheca Capituli Posoniensis Asc. 42","SK-BRsa Asc.42",,,,"15th century","Central Europe",,,,,,,"http://cantus.sk/source/13841",,,,
"SK-Brl (Bratislava) V. teol. 4297","SK-BRl V.teol. 4297",,,,"15th century",Poland,,,,,,,"http://cantus.sk/source/4739",,,,
"SK-BJ (Bardejov) Breviarium MMBJ 1658","SK-BJ (Bardejov) MMBJ 1658",,,,"13th century",Hungary,,,,,,,"http://cantus.sk/source/29809",,,,
"SK-BRsa Antiphonarium Scepusiense Protoc. XXI Anni 1618-1623","SK-BRsa Spis 1618",,,,"15th century","Slovakia - Spišská Kapitula",,,,,,,"http://cantus.sk/source/13833",,,,
"SK-Brl (Bratislava) Lyc F I 334","SK-Brl Lyc F I 334",,,,"15th century","Hungary/ Slovakia",,,,,,,"http://cantus.sk/source/28447",,,,
"SK-Brl (Bratislava) BB 372","SK-BRl BB372",,,,"14th century","Central Europe (Poland - Cistercians)",,,,,,,"http://cantus.sk/source/5002",,,,
"P-VV (Vila Viçosa) Biblioteca do Palácio Real A.M. D-011","P-VV A.M. D-011",,,,"19th century","Vila Viçosa, Convento de Nossa Senhora da Esperança",,,,,,,"http://pemdatabase.eu/source/83174",unknown,,,
"F-AUT : Ms S 0076 (062 A)","F-AUT Ms S 0076 (062 A)",,,,"13th century",Autun,,,,,,,"http://musmed.eu/source/25627",,,,
"SK-MO (Modra) Magistrát mesta Modry 578 Gerichtsprotokolle (Diarum iudiciale civitatis Modor) 1684-1691","SK-MO 578",,,,"14th century",Slovakia,,,,,,,"http://cantus.sk/source/140",,,,
"SK-BSa (Banská Štiavnica) Copirbuch No.inv. 629, 1625-1626    ","SK-BSa 629",,,,"15th century",Slovakia,,,,,,,"http://cantus.sk/source/100",,,,
"SK-BRsa Antiphonarium Capitulum Posoniensis, Locus credibilis sine Sign. 1651-1658","SK-BRsa LC 1651",,,,"15th century","Slovakia / Hungary",,,,,,,"http://cantus.sk/source/13903",,,,
"SK-BSa (Banská Štiavnica) Sine titulo (sine Sign.)","SK-BSa sine Sign.2",,,,"14th century",Slovakia,,,,,,,"http://cantus.sk/source/120",,,,
"V-CVbav : Archivio di San Pietro D.167","V-CVbav Archivio di San Pietro D.167",,,,"11th century","Alsace, Wissembourg",,,,,,,"http://musmed.eu/source/14729",,,,
"SK-Bra (Bratislava) EC Lad.2/42","SK-Bra ECLad.2/42",,,,"15th century",Slovakia,,,,,,,"http://cantus.sk/source/10959",,,,
"SK-BRsa Psalterium Capitulum Posoniensis, Locus credibilis Protoc.Antiqua C","SK-BRsa LC C 1567",,,,"15th century",Bratislava,,,,,,,"http://cantus.sk/source/13907",,,,
"SK-KO (Košice) Antiphonarium H III/2 mac 22","SK-KO (Košice) H III/2 mac 22",,,,"14th century","cursus monasticus (Dominicans?)",,,,,,,"http://cantus.sk/source/31054",,,,
"CH-E : Cod 0366","CH-E Cod 0366",,,,"11th century",Einsiedeln,,,,,,,"http://musmed.eu/source/9760",,,,
"SK-BSa (Banská Štiavnica) Copirbuch No.inv. 624, 1617-1619 ","SK-BSa 624",,,,"15th century",Slovakia,,,,,,,"http://cantus.sk/source/97",,,,
"SK-Brl (Bratislava) V. teol. 3691","SK-BRl V.teol. 3691",,,,"14th century",Bohemia,,,,,,,"http://cantus.sk/source/4735",,,,
"DK-Kk : GKS 1335 4°","DK-Kk GKS 1335 4°",,,,"9th century","Est de la France",,,,,,,"http://musmed.eu/source/11404",,,,
"SK-PREa (Prešov) Antiphonarium 2","SK-PREa (Prešov) Zb. ilum. 2 ",,,,"16th century",Hungary,,,,,,,"http://cantus.sk/source/29822",,,,
"SK-TN (Trenčín) MMTN – Kn/I-32","SK-TN MMTN – Kn/I-32",,,,"15th century","Slovakia/Central Europe (?)",,,,,,,"http://cantus.sk/source/28829",,,,
"F-O : Ms 159","F-O Ms 159",,,,"10th century","Abbaye de Fleury",,,,,,,"http://musmed.eu/source/12676",,,,
"D-KNd : Ms 0081","D-KNd Ms 0081",,,,"11th century","Bas-Rhin/Allemagne ?",,,,,,,"http://musmed.eu/source/11443",,,,
"F-T : Ms 1294","F-T Ms 1294",,,,"12th century",Clairvaux,,,,,,,"http://musmed.eu/source/14635",,,,
"F-Pn : Lat. 2197","F-Pn Lat. 2197",,,,"10th century",France,,,,,,,"http://musmed.eu/source/13110",,,,
"SK-BRnm (Bratislava) MUS I 352","SK-BRnm MUS I 352",,,,"13th century",Germany,,,,,,,"http://cantus.sk/source/218",,,,
"SK-BSa (Banská Štiavnica) Copirbuch No.inv. 633, 1629       ","SK-BSa 633",,,,"15th century",Slovakia,,,,,,,"http://cantus.sk/source/104",,,,
"SK-BRu (Bratislava) Ms 1319","SK-BRu Ms1319",,,,"14th century",Germany,,,,,,,"http://cantus.sk/source/5611",,,,
"F-Pn : Lat. 1759","F-Pn Lat. 1759",,,,"9th century","Abbaye royale de Saint-Denis",,,,,,,"http://musmed.eu/source/13096",,,,
"SK-BJ (Bardejov) Breviarium MMBJ 1808","SK-BJ (Bardejov) MMBJ 1808",,,,"15th century",Hungary,,,,,,,"http://cantus.sk/source/29812",,,,
"F-Pn : Lat. 5288","F-Pn Lat. 5288",,,,"12th century","France, Fleury ?",,,,,,,"http://musmed.eu/source/29519",,,,
"SK-BSa (Banská Štiavnica) Copirbuch No.inv.614, 63 MMBŠ 16K59 1597-1598, škatuľa 19","SK-BSa 614",,,,"15th century",Slovakia,,,,,,,"http://cantus.sk/source/91",,,,
"D-BAa : Msc Patr 101","D-BAa Msc Patr 101",,,,"10th century",Italie,,,,,,,"http://musmed.eu/source/8702",,,,
"SK-BJ (Bardejov) Antiphonarium MMBJ 2164","SK-BJ (Bardejov) MMBJ 2164",,,,"16th century",Hungary,,,,,,,"http://cantus.sk/source/29808",,,,
"SK-Bra (Bratislava) EC Lad.1/11","SK-Bra ECLad.1/11",,,,"14th century","Central Europe",,,,,,,"http://cantus.sk/source/10952",,,,
"F-AUC : Ms 0048","F-AUC Ms 0048",,,,"13th century","Sud de la France",,,,,,,"http://musmed.eu/source/8518",,,,
"SK-BRp (Bratislava) M-967","SK-BRp M967",,,,"15th century","Central Europe",,,,,,,"http://cantus.sk/source/5010",,,,
"SK-MO (Modra) Magistrát mesta Modry 4173 Rechnung der Stadtbaumeister 1644","SK-MO 4173",,,,"15th century",Slovakia,,,,,,,"http://cantus.sk/source/167",,,,
"D-WÜu : M.p.th.f.077","D-WÜu M.p.th.f.077",,,,"10th century",Würzburg,,,,,,,"http://musmed.eu/source/15362",,,,
"V-CVbav : Pal.lat.0240","V-CVbav Pal.lat.0240",,,,"11th century",Allemagne,,,,,,,"http://musmed.eu/source/14823",,,,
"SK-BEt (Betliar) Slovenské národné múzeum - Múzeum Betliar 9 ANTIPHONARIUM Sign. K0000/09925","SK-BEt Sign. K0000/09925",,,,"15th century","Bohemia (Moravia)",,,,,,,"http://cantus.sk/source/29075",,,,
"F-AUT : Ms S 0010 (8*)","F-AUT Ms S 0010 (8*)",,,,"12th century",Autun,,,,,,,"http://musmed.eu/source/8573",,,,
"F-O : Ms 073","F-O Ms 073",,,,"10th century","Abbaye de Fleury",,,,,,,"http://musmed.eu/source/12650",,,,
"D-KNd : Ms 0137","D-KNd Ms 0137",,,,"9th century",Köln,,,,,,,"http://musmed.eu/source/11446",,,,
"SK-BRsa Antiphonarium Bibliotheca Capituli Posoniensis Inc. 62","SK-BRsa Inc.62",,,,"15th century","Austria/ Hungary",,,,,,,"http://cantus.sk/source/13842",,,,
"SK-BRu (Bratislava) Ms 1335","SK-BRu Ms1335",,,,"15th century","Central Europe",,,,,,,"http://cantus.sk/source/5689",,,,
"SK-BRnm (Bratislava) MUS I 351","SK-BRnm MUS I 351",,,,"12th century",Germany,,,,,,,"http://cantus.sk/source/217",,,,
"SK-MO (Modra) Magistrát mesta Modry 6371 Register der Gebühren von Fremden für das Schneiden von Wein 1610","SK-MO 6371",,,,"15th century",Slovakia,,,,,,,"http://cantus.sk/source/197",,,,
"SK-Brl (Bratislava) BB 325","SK-BRl BB325",,,,"15th century","Central Europe (Slovakia)",,,,,,,"http://cantus.sk/source/5001",,,,
"SK-Brl (Bratislava) Frag. 5","SK-BRl Frag. 5",,,,"14th century",Slovakia,,,,,,,"http://cantus.sk/source/4454",,,,
"F-VN : Ms 0759","F-VN Ms 0759",,,,"13th century","St Vanne",,,,,,,"http://musmed.eu/source/15006",,,,
"SK-BSa (Banská Štiavnica) Copirbuch No.inv. 635, 1632-1639       ","SK-BSa 635",,,,"15th century",Slovakia,,,,,,,"http://cantus.sk/source/105",,,,
"D-TRp : Hs 0075","D-TRp Hs 0075",,,,"11th century","Abbaye Saint-Matthias de Trèves",,,,,,,"http://musmed.eu/source/14555",,,,
"GB-Lbl : Cotton Vitellius A XIX","GB-Lbl Cotton Vitellius A XIX",,,,"10th century",Angleterre,,,,,,,"http://musmed.eu/source/11733",,,,
"SK-KO (Košice) Antiphonarium H III/2 mac 18","SK-KO (Košice) H III/2 mac 18",,,,"15th century","Slovakia (medieval Hungary) Premonstratensians",,,,,,,"http://cantus.sk/source/30732",,,,
"SK-Bra (Bratislava) EC Lad.2/33","SK-Bra ECLad.2/33",,,,"14th century","Central Europe ",,,,,,,"http://cantus.sk/source/10957",,,,
"F-O : Ms 174","F-O Ms 174",,,,"10th century","Abbaye de Fleury",,,,,,,"http://musmed.eu/source/12680",,,,
"F-AUT : Ms S 0084 (067)","F-AUT Ms S 0084 (067)",,,,"15th century","Autun (XVème)",,,,,,,"http://musmed.eu/source/25648",,,,
"F-AN : Ms 0811","F-AN Ms 0811",,,,"10th century","Saint-Nicolas d'Angers",,,,,,,"http://musmed.eu/source/8472",,,,
"V-CVbav : Reg.lat.0338","V-CVbav Reg.lat.0338",,,,"10th century","Nord de la France ou Angleterre ",,,,,,,"http://musmed.eu/source/96114",,,,
"SK-Brl (Bratislava) V. teol. 2671","SK-BRl V.teol. 2671",,,,"15th century",Slovakia,,,,,,,"http://cantus.sk/source/4732",,,,
"SK-BRsa Kre Cx XVII","SK-BRsa Cx XVII",,,,"15th century","Central Europe",,,,,,,"http://cantus.sk/source/13687",,,,
"SK-BEt (Betliar) Slovenské národné múzeum - Múzeum Betliar 14 BREVIARIUM Sign. K0000/11931, HK 11931/I","SK-BEt K0000/11931",,,,"14th century",OCist,,,,,,,"http://cantus.sk/source/29080",,,,
"CH-SGs : Cod 0381","CH-SGs Cod 0381",,,,"10th century","St Gallen",,,,,,,"http://musmed.eu/source/14291",,,,
"SK-Bra (Bratislava) EC Lad.2/43","SK-Bra ECLad.2/43",,,,"15th century",Slovakia,,,,,,,"http://cantus.sk/source/10960",,,,
"Bamberg, Staatsbibliothek, Msc.Lit.27","D-BAs Msc.Lit.27",,,,"15th century",Bamberg,,,,,,,"http://cantus.uwaterloo.ca/source/588716",,,,
"GB-DRc : B.III.11","GB-DRc B.III.11",,,,"11th century","Liège ?",,,,,,,"http://musmed.eu/source/15572",Romanum,,,
"SK-BRsa Inv.Nr. 107","SK-BRsa Palffy 107",,,,"15th century","Slovakia / Hungary",,,,,,,"http://cantus.sk/source/13691",,,,
"F-AI : Ms 0120","F-AI Ms 0120",,,,"11th century","Albi Cathédrale Sainte Cécile",,,,,,,"http://musmed.eu/source/8391",,,,
"F-CHRm : Ms 0031 (85)","F-CHRm Ms 0031 (85)",,,,"11th century","St Père",,,,,,,"http://musmed.eu/source/9340",,,,
"F-AI : Ms 0048","F-AI Ms 0048",,,,"11th century","Albi Cathédrale Sainte Cécile",,,,,,,"http://musmed.eu/source/8388",,,,
"SK-MO (Modra) Magistrát mesta Modry 5190 Register der Abgaben für das Winzerrecht 1670","SK-MO 5190",,,,"15th century",Slovakia,,,,,,,"http://cantus.sk/source/188",,,,
"F-BSM : Ms 0051","F-BSM Ms 0051",,,,"11th century","Abbaye Saint Bertin (XI/XII)",,,,,,,"http://musmed.eu/source/24165",,,,
"F-RS : Ms 0007","F-RS Ms 0007",,,,"10th century","St Thierry",,,,,,,"http://musmed.eu/source/14024",,,,
