,drupal_path,title,provenance,siglum,num_century,century,cursus,provenance_id
0,http://cantusdatabase.org/source/123595,"Benevento, Archivio Capitolare, V 19",Benevento,I-BV V 19,12,12th century,Secular,provenance_023
1,http://cantusdatabase.org/source/123606,"Einsiedeln, Kloster Einsiedeln - Musikbibliothek, 611",Einsiedeln,CH-E 611,14,14th century,Monastic,provenance_047
2,http://cantusdatabase.org/source/123750,"Sankt Gallen, Stiftsbibliothek, 388",St. Gallen,CH-SGs 388,12,12th century,Unknown,provenance_174
3,http://cantusdatabase.org/source/123718,"Sankt Gallen, Stiftsbibliothek, 391",St. Gallen,CH-SGs 391,10,10th century,Monastic,provenance_174
4,http://cantusdatabase.org/source/123688,"Berlin, Staatsbibliothek zu Berlin Preußischer Kulturbesitz, Mus. 40047",Quedlinburg,D-B Mus. 40047,11,11th century,Secular,provenance_133
5,http://cantusdatabase.org/source/123607,"Firenze (Florence), Arcivescovado - Biblioteca, s.c.",Firenze,I-Far,12,12th century,Secular,provenance_052
6,http://cantusdatabase.org/source/123608,"Firenze (Florence), Biblioteca Medicea-Laurenziana, Conv. sopp. 560",Vallombrosa,I-Fl Conv. sopp. 560,12,12th century,Monastic,provenance_197
7,http://cantusdatabase.org/source/123672,"Fribourg, Bibliothèque des Cordeliers, Ms. 2",Franciscan,CH-Fco Ms. 2,unknown,unknown,Secular,provenance_146
8,http://cantusdatabase.org/source/123623,"Mainz, Bischöfliches Dom- und Diözesanmuseum, D",Mainz,D-MZb D,15,15th century (1425-1450),Secular,provenance_090
9,http://cantusdatabase.org/source/123673,"München, Franziskanerkloster St. Anna - Bibliothek, 12o Cmm 1",Italy,D-Ma 12o Cmm 1,13,13th century (1225-1250),Secular,provenance_071
10,http://cantusdatabase.org/source/123683,"München, Bayerische Staatsbibliothek, Clm 4305",Augsburg,D-Mbs Clm 4305,15,15th century (1450-1475),Monastic,provenance_016
11,http://cantusdatabase.org/source/123684,"München, Bayerische Staatsbibliothek, Clm 4306",Augsburg,D-Mbs Clm 4306,16,16th century (1500-1525),Monastic,provenance_016
12,http://cantusdatabase.org/source/123716,"Wolfenbüttel, Herzog August Bibliothek - Cod. Guelf. 28 Helmst. (Heinemann-Nr. 31)",Hilwartshausen,D-W 28 Helmst.,16,16th century (1500-1525),Secular,provenance_068
13,http://cantusdatabase.org/source/123651,"Salamanca, Catedral - Archivo Musical, 7",Salamanca,E-SA 7,14,14th century,Secular,provenance_151
14,http://cantusdatabase.org/source/123638,"Toledo, Catedral - Archivo y Biblioteca Capítulares, 44.1",Tavèrnoles,E-Tc 44.1,11,11th century (1000-1025),Secular,provenance_183
15,http://cantusdatabase.org/source/123639,"Toledo, Catedral - Archivo y Biblioteca Capítulares, 44.2",Toledo,E-Tc 44.2,11,11th century (1075-1100),Secular,provenance_185
16,http://cantusdatabase.org/source/123627,"Paris, Bibliothèque nationale de France - Département des Manuscrits, Latin 1090",Marseille,F-Pn Lat. 1090,12,12th century (1175-1200),Secular,provenance_094
17,http://cantusdatabase.org/source/123630,"Paris, Bibliothèque nationale de France - Département des Manuscrits, Latin 12601",St. Taurin,F-Pn Lat. 12601,11,11th century (1075-1100),Monastic,provenance_180
18,http://cantusdatabase.org/source/123642,"Valenciennes, Bibliothèque municipale, 114",St-Amand Abbey,F-VAL 114,12,12th century,Monastic,provenance_150
19,http://cantusdatabase.org/source/123592,"Aberystwyth, Llyfrgell Genedlaethol Cymru (National Library of Wales), 20541 E",Wales,GB-AB 20541 E,14,14th century (1300-1325),Secular,provenance_206
20,http://cantusdatabase.org/source/123603,"Cambridge, University Library, Mm.ii.9",Barnwell,GB-Cu Mm.ii.9,13,13th century,Secular,provenance_020
21,http://cantusdatabase.org/source/123647,"Worcester, Cathedral - Music Library, F.160 (olim 1247) (with hymnal)",Worcester,GB-WO F.160,13,13th century (1225-1250),Monastic,provenance_211
22,http://cantusdatabase.org/source/123646,"Worcester, Cathedral - Music Library, F.160 (olim 1247) (facsimile)",Worcester,GB-WO F.160 (Facs),13,13th century (1225-1250),Monastic,provenance_211
23,http://cantusdatabase.org/source/123599,"Budapest, Egyetemi Könyvtár (University Library), lat. 121",Franciscan,H-Bu lat. 121,14,14th century,Secular,provenance_146
24,http://cantusdatabase.org/source/123721,"Dubrovnik, Franjevački Samostan (Franciscan Monastery), Cod. E Nr. 3",Venice,HR-Hf Cod. E,15,15th century (2nd half),Secular,provenance_199
25,http://cantusdatabase.org/source/123670,"Assisi, Biblioteca comunale, 693",Italy,I-Ac 693,13,13th century,Secular,provenance_071
26,http://cantusdatabase.org/source/123669,"Assisi, Biblioteca comunale, 694",Italy,I-Ac 694,13,13th century,Secular,provenance_071
27,http://cantusdatabase.org/source/123675,"Assisi, Cattedrale San Rufino - Archivio e Biblioteca, 5",Italy,I-Ad 5,13,13th century (1225-1250),Secular,provenance_071
28,http://cantusdatabase.org/source/123674,"Napoli, Biblioteca nazionale Vittorio Emanuele III, vi. E. 20",Italy,I-Nn vi.E.20,13,13th century,Secular,provenance_071
29,http://cantusdatabase.org/source/123635,"Roma, Biblioteca Vallicelliana, C.5",Rome (Roma),I-Rv C.5,11,11th century,Monastic,provenance_146
30,http://cantusdatabase.org/source/123676,"Città del Vaticano (Roma), Biblioteca Apostolica Vaticana, lat. 8737",Italy,V-CVbav Vat.lat. 8737,unknown,unknown,Secular,provenance_071
31,http://cantusdatabase.org/source/123641,"Utrecht, Universiteitsbibliotheek, Ms. 406 (shelfmark 3 J 7)",Utrecht,NL-Uu 406 (3 J 7),12,12th century,Secular,provenance_196
32,http://cantusdatabase.org/source/123648,"Zutphen, Stadsarchief en Stedelijke Bibliotheek, 6",Zutphen,NL-ZUa 6,15,15th century,Unknown,provenance_216
33,http://cantusdatabase.org/source/599679,"Wellington (New Zealand), The Alexander Turnbull Library - Rare Books, MSR-03",Amersfoort,NZ-Wt MSR-03,15,15th century (2nd half),Secular,provenance_006
34,http://cantusdatabase.org/source/123686,"Kraków, Klastor OO. Karmelitów na Piasku (Carmelite Convent), Ms.1 (rkp. Perg. 12)",Kraków,PL-Kkar 1 (Rkp 12),unknown,unknown,Secular,provenance_077
35,http://cantusdatabase.org/source/123709,"Kraków, Klastor OO. Karmelitów na Piasku (Carmelite Convent), Ms.3 (rkp. Perg. 15)",Kraków,PL-Kkar 3 (Rkp 15),unknown,unknown,Secular,provenance_077
36,http://cantusdatabase.org/source/123671,"Chicago, Newberry Library, 24",Italy,US-Cn 24,13,13th century,Secular,provenance_071
37,http://cantusdatabase.org/source/123661,"Città del Vaticano (Roma), Biblioteca Apostolica Vaticana, San Pietro B.79",Rome (Roma),V-CVbav B.79,12,12th century,Secular,provenance_146
38,https://pemdatabase.eu/source/48438,P-BRs (Braga) Arquivo da Sé Ms. 028,"Braga, Catedral",P-BRs Ms. 028,16,16th century (first quarter),Secular,provenance_218
39,http://cantus.ispan.pl/source/14458,"PL-PŁsem MsEPl 15 Antyfonarz z Płocka, pars de sanctis",Płock,MsEPl 15,15,15th century,Unknown,provenance_220
40,http://cantus.ispan.pl/source/22280,PL-STAb 4 Antiphonarium,Staniątki,ms. 4,16,16th century,Unknown,provenance_221
41,http://musicahispanica.eu/source/19722,"E-SI (Silos), Archivo del Monasterio, ms. 9",Monasterio de San Salvador de Celanova (Ourense),E-SI ms. 9,13,13th century,Unknown,provenance_244
42,http://musicahispanica.eu/source/22257,"E-LUc Archivo de la Catedral de Lugo, s.s.",Lugo?,E-LUc s.s.,13,13th century,Unknown,unknown
43,http://musicahispanica.eu/source/20245,"E-Bbc (Barcelona) E-Bbc, Ms. 619",Catedral de Vic (Barcelona),"E-Bbc E-Bbc, Ms. 619",14,14th century,Unknown,provenance_234
44,http://cantusdatabase.org/source/123611,"Graz, Universitätsbibliothek, 30 (olim 38/9 f.)",St-Lambrecht,A-Gu 30,14,14th century,Monastic,provenance_165
45,http://cantusdatabase.org/source/123613,"Klosterneuburg, Augustiner-Chorherrenstift - Bibliothek, 1012",Klosterneuburg,A-KN 1012,12,12th century,Secular,provenance_076
46,http://cantusdatabase.org/source/123616,"Klosterneuburg, Augustiner-Chorherrenstift - Bibliothek, 1018",Klosterneuburg,A-KN 1018,14,14th century,Secular,provenance_076
47,http://cantusdatabase.org/source/123656,"Klosterneuburg, Augustiner-Chorherrenstift - Bibliothek, 589",Klosterneuburg,A-KN 589,14,14th century,Secular,provenance_076
48,http://cantusdatabase.org/source/123660,"Kremsmünster, Benediktiner-Stift Kremsmünster - Musikarchiv, Schachtel VI/258",St. Pölten,A-KR VI/258,13,13th century (2nd half),Secular,provenance_179
49,http://cantusdatabase.org/source/123617,"Linz, Oberösterreichische Landesbibliothek, 290 (olim 183; Gamma p.19)",Kremsmünster,A-LIs 290,12,12th century,Monastic,provenance_079
50,http://cantusdatabase.org/source/123658,"Sankt Florian, Augustiner-Chorherrenstift - Bibliothek und Musikarchiv, XI 480",St-Florian,A-SF XI 480,14,14th century,Secular,provenance_164
51,http://cantusdatabase.org/source/123643,"Vorau, Stiftsbibliothek, 287 (olim XXIX)",Vorau,A-VOR 287,14,14th century,Secular,provenance_205
52,http://cantusdatabase.org/source/123667,"Wien, Österreichische Nationalbibliothek - Handschriftensammlung, 1799**",Rein,A-Wn 1799**,13,13th century,Monastic,provenance_140
53,http://cantusdatabase.org/source/123713,"Wien, Österreichische Nationalbibliothek - Musiksammlung, 1890",Southern Germany / Austria,A-Wn 1890,12,12th century,Monastic,provenance_162
54,http://cantusdatabase.org/source/702611,"Gent, Universiteitsbibliotheek, Hs BKT.006 (Tsgrooten Antiphoner"")""",Tongerloo,B-Gu Hs BKT.006,16,16th century (1500-1525),Secular,unknown
55,http://cantusdatabase.org/source/123714,"Aachen (Aix-la-Chapelle), Domarchiv, G 20",Aachen,D-AAm G 20,13,13th century (2nd half),Secular,provenance_001
56,http://cantusdatabase.org/source/123612,"Karlsruhe, Badische Landesbibliothek - Musikabteilung, Aug. LX",Zwiefalten,D-KA Aug. LX,12,12th century,Monastic,provenance_217
57,http://cantusdatabase.org/source/123637,"Stuttgart, Württembergische Landesbibliothek, HB.I.55",Weingarten,D-Sl HB.I.55,12,12th century,Monastic,provenance_207
58,http://cantusdatabase.org/source/123694,"København (Copenhagen), Det kongelige Bibliotek Slotsholmen, Gl. Kgl. S. 3449, 8o [06] VI",Augsburg,DK-Kk 3449 8o [06] VI,16,16th century (1575-1600),Secular,provenance_016
59,http://cantusdatabase.org/source/123699,"København (Copenhagen), Det kongelige Bibliotek Slotsholmen, Gl. Kgl. S. 3449, 8o [11] XI",Augsburg,DK-Kk 3449 8o [11] XI,16,16th century (1575-1600),Secular,provenance_016
60,http://cantusdatabase.org/source/123601,"Cambrai, Bibliothèque municipale, 38 (olim 40)",Cambrai,F-CA 38,13,13th century (1225-1250),Secular,provenance_029
61,http://cantusdatabase.org/source/123602,"Cambrai, Bibliothèque municipale, Impr. XVI C 4",Cambrai,F-CA Impr. XVI C 4,16,16th century (1500-1525),Secular,provenance_029
62,http://cantusdatabase.org/source/123678,"Paris, Bibliothèque nationale de France - Département des Manuscrits, NAL 1412",Milan,F-Pn NAL 1412,12,12th century (1175-1200),Monastic,provenance_097
63,http://cantusdatabase.org/source/123633,"Paris, Bibliothèque nationale de France - Département des Manuscrits, NAL 1535",Sens,F-Pn NAL 1535,13,13th century,Secular,provenance_160
64,http://cantusdatabase.org/source/123663,"Paris, Bibliothèque nationale de France - Département des Manuscrits, Latin 1085",St. Martial,F-Pn Lat. 1085,10,10th century (975-1000),Unknown,provenance_176
65,http://cantusdatabase.org/source/123628,"Paris, Bibliothèque nationale de France - Département des Manuscrits, Latin 12044",St-Maur-des-Fossés,F-Pn Lat. 12044,12,12th century,Monastic,provenance_167
66,http://cantusdatabase.org/source/123632,"Paris, Bibliothèque nationale de France - Département des Manuscrits, Latin 15182",Paris,F-Pn Lat. 15182,14,14th century,Secular,provenance_121
67,http://cantusdatabase.org/source/123662,"Rouen, Bibliothèque municipale, 248 (olim  A. 339)",Jumièges,F-R 248,13,13th century,Monastic,provenance_073
68,http://cantusdatabase.org/source/123640,"Tours, Bibliothèque municipale, 149",Tours,F-TOm 149,13,13th century,Secular,provenance_190
69,http://cantusdatabase.org/source/123666,"Aosta, Seminario Maggiore - Biblioteca, 6","Aosta, Sant-Orso",I-AO 6,13,13th century,Secular,provenance_149
70,http://cantusdatabase.org/source/123596,"Benevento, Archivio Capitolare, V 20",Benevento,I-BV V 20,12,12th century,Secular,provenance_023
71,http://cantusdatabase.org/source/123680,"Lucca, Biblioteca Capitolare Feliniana e Biblioteca Arcivescovile, 601",Pozzeveri,I-Lc 601,12,12th century,Monastic,provenance_127
72,http://cantusdatabase.org/source/123626,"Monza, Basilica di S. Giovanni Battista - Biblioteca Capitolare e Tesoro, 15/79",Pavia,I-MZ 15/79,12,12th century,Secular,provenance_123
73,http://cantusdatabase.org/source/123724,Münster Antiphoner (1537),Muenster,MA Impr. 1537,16,16th century (1525-1550),Secular,provenance_103
74,http://cantusdatabase.org/source/589069,"Wroclaw, Biblioteka Uniwersytecka (University Library), I F 401",Lubiąż,PL-WRu I F 401,13,13th century (1275-1300),Monastic,provenance_088
75,http://cantusdatabase.org/source/123756,"Wrocław, Biblioteka Uniwersytecka, Ms. R 503",Wrocław,PL-WRu R 503,14,14th century (2nd half),Secular,provenance_212
76,https://pemdatabase.eu/source/46683,Antiphonarium Hymnarium P-AR (Arouca) Museu Regional de Arte Sacra do Mosteiro de Arouca Res. Ms. 025,"Alcobaça, Mosteiro de Santa Maria?",P-AR Res. Ms. 025,13, c. 1200,Monastic,provenance_246
77,http://cantusbohemiae.cz/source/2150,CZ-Bu (Brno) R 387,Rajhrad,CZ-Bu R 387,12,12th century,Unknown,provenance_219
78,http://cantusbohemiae.cz/source/2152,CZ-Pu (Praha) VI E 13,St George's Convent in Prague,CZ-Pu VI E 13,12,12th century,Monastic,provenance_129
79,http://cantusbohemiae.cz/source/2161,CZ-R (Rajhrad) R 17,Rajhrad,CZ-R R 17,14,14th century,Unknown,provenance_219
80,http://cantusbohemiae.cz/source/9137,CZ-Pu (Praha) XIV C 20,St George's Convent in Prague ,CZ-Pu XIV C 20,14,14th century,Monastic,provenance_129
81,http://cantus.sk/source/6775,SK-BRsa (Bratislava) Slovenský národný archív Antiphonary of Bratislava V,Bohemia,SK-BRsa SNA 17,15,15th century,Unknown,provenance_225
82,http://musicahispanica.eu/source/20420,"E-H, Archivo de la Catedral de Huesca, ms. 9",Huesca,"E-H, ms. 9",13,13th century,Unknown,provenance_228
83,http://musicahispanica.eu/source/20168,"E-Mh (Madrid) E-Mh, Cód. 45","Monasterio de San Millán de la Cogolla, La Rioja.","E-Mh E-Mh, Cód. 45",12,12th century,Unknown,provenance_254
84,http://musicahispanica.eu/source/20199,GB-Lbl (London) Add MS 30850,Ascribed to Santo Domingo de Silos (see 'Description' above),GB-Lbl Add MS 30850,11,11th century,Unknown,unknown
85,http://musicahispanica.eu/source/59988,Antifonario de la Santa Cruz de Serós,Monasterio de Santa Cruz de la Serós (Huesca),Antifonario Antifonario de la Santa Cruz de Serós,12,12th century,Unknown,provenance_230
86,http://musicahispanica.eu/source/74655,GB-Lbl (London) Add MS 30848,Santo Domingo de Silos,GB-Lbl Add MS 30848,11,11th century,Unknown,provenance_235
87,http://musmed.eu/source/29527,GB-Lbl : Harley 4951,Saint-Sernin de Toulouse,GB-Lbl Harley 4951,11,11th century,Unknown,provenance_243
88,http://musmed.eu/source/13022,F-Pn : Lat. 903,Saint Yrieix,F-Pn Lat. 903,11,11th century,Unknown,provenance_245
89,http://musmed.eu/source/13060,F-Pn : Lat. 1121,St. Martial de Limoges,F-Pn Lat. 1121,11,11th century,Unknown,provenance_176
90,http://cantusdatabase.org/source/123706,"Istanbul, Topkapı Sarayı Müzesi, Deissmann 42",Esztergom,TR-Itks 42,unknown,unknown,Secular,provenance_051
91,http://cantusdatabase.org/source/123644,"Wien, Diözesanarchiv, C-10",Kirnberg,A-Wda C-10,15,15th century,Unknown,provenance_075
92,http://musicahispanica.eu/source/20155,"E-E (San Lorenzo de El Escorial) E-E, L. III. 4.",monasterio benedictino en Aragón?,"E-E E-E, L. III. 4.",12,12th century,Unknown,unknown
93,http://cantusdatabase.org/source/123614,"Klosterneuburg, Augustiner-Chorherrenstift - Bibliothek, 1013",Klosterneuburg,A-KN 1013,12,12th century,Secular,provenance_076
94,http://cantusdatabase.org/source/123649,"Wien, Diözesanarchiv, D-4",Kirnberg,A-Wda D-4,15,15th century,Unknown,provenance_075
95,http://cantusdatabase.org/source/123685,"Fulda, Hessische Landesbibliothek, Aa 55",Rasdorf,D-FUl Aa 55,14,14th century,Secular,provenance_135
96,http://cantusdatabase.org/source/123741,"Köln (Cologne), Erzbischöfliche Diözesan- und Dombibliothek, 215",Würzburg,D-KNd 215,12,12th century,Monastic,provenance_213
97,http://cantusdatabase.org/source/123677,"Paris, Bibliothèque nationale de France - Département des manuscrits, NAL 1411",Milan,F-Pn NAL 1411,12,12th century (2nd half),Monastic,provenance_097
98,http://cantusdatabase.org/source/123631,"Paris, Bibliothèque nationale de France - Département des Manuscrits, Latin 15181",Paris,F-Pn Lat. 15181,14,14th century,Secular,provenance_121
99,http://cantusdatabase.org/source/620437,"Solesmes, Abbaye de Saint-Pierre, 596 (The Wilton Processional)",English,F-SO 596,13,13th century (1275-1300),Monastic,provenance_049
100,http://cantusdatabase.org/source/123668,"London, British Library, printed book IB.6753 (Augsburg Antiphoner 1495, olim AA Impr. 1495)",Augsburg,GB-Lbl IB.6753,15,15th century (1475-1500),Secular,provenance_016
101,http://cantusdatabase.org/source/123609,Gottschalk Antiphoner (fragments),Lambach Abbey,GOTTSCHALK,12,12th century,Monastic,provenance_081
102,http://cantusdatabase.org/source/123604,"Chiavenna, Tesoro della Collegiata di S. Lorenzo - Museo Capitolare, s.c.",Chiavenna,I-CHV,11,11th century,Secular,provenance_035
103,http://cantusbohemiae.cz/source/28488,CZ-Pu (Praha) VI G 11,St George's Convent in Prague,CZ-Pu VI G 11,13,13th century,Monastic,provenance_129
104,http://musmed.eu/source/9343,F-CHRm : Ms 0047 (40),St sauveur de Redon,F-CHRm Ms 0047 (40),10,10th century,Unknown,provenance_231
105,http://musmed.eu/source/13486,F-Pn : Lat. 17296, Abbaye royale de Saint-Denis,F-Pn Lat. 17296,12,12th century,Monastic,provenance_121
106,http://musmed.eu/source/13026,F-Pn : Lat. 909,St Martial de Limoges,F-Pn Lat. 909,11,11th century,Unknown,provenance_176
107,http://cantus.sk/source/6777,SK-Sk (Spišska Kapitula) Antiphonale Scepusiense,Slovakia,SK-Sk 2,15,15th century,Unknown,provenance_226
108,http://cantusdatabase.org/source/123610,"Graz, Universitätsbibliothek, 29 (olim 38/8 f.)",St-Lambrecht,A-Gu 29,14,14th century,Monastic,provenance_165
109,http://cantusdatabase.org/source/123727,"Praha (Prague), Národní knihovna České republiky (National Library), VI.E.4c","Prague, St. George Monastery",CZ-Pu VI.E.4c,12,12th century (2nd half),Monastic,provenance_129
110,http://cantusdatabase.org/source/123730,"Praha (Prague), Národní knihovna České republiky (National Library), XIV.B.13","Prague, St. George Monastery",CZ-Pu XIV B 13,14,14th century,Monastic,provenance_129
111,http://cantusdatabase.org/source/123653,"Klosterneuburg, Augustiner-Chorherrenstift - Bibliothek, 1010",Klosterneuburg,A-KN 1010,12,12th century,Secular,provenance_076
112,http://cantusdatabase.org/source/123654,"Klosterneuburg, Augustiner-Chorherrenstift - Bibliothek, 1011",Klosterneuburg,A-KN 1011,14,14th century,Secular,provenance_076
113,http://cantusdatabase.org/source/123655,"Klosterneuburg, Augustiner-Chorherrenstift - Bibliothek, 1015",Klosterneuburg,A-KN 1015,14,14th century,Secular,provenance_076
114,http://cantusdatabase.org/source/123615,"Klosterneuburg, Augustiner-Chorherrenstift - Bibliothek, 1017",Klosterneuburg,A-KN 1017,13,13th century,Secular,provenance_076
115,http://cantusdatabase.org/source/123717,"Sankt Gallen, Stiftsbibliothek, 390",St. Gallen,CH-SGs 390,10,10th century (975-1000),Monastic,provenance_174
116,http://cantusdatabase.org/source/123715,"Wolfenbüttel, Herzog August Bibliothek - Cod. Guelf. 29 Helmst. (Heinemann-Nr. 32)",Hilwartshausen,D-W 29 Helmst.,16,16th century,Secular,provenance_068
117,http://cantusdatabase.org/source/123689,"København (Copenhagen), Det kongelige Bibliotek Slotsholmen, Gl. Kgl. S. 3449, 8o [01] I",Augsburg,DK-Kk 3449 8o [01] I,16,16th century (1575-1600),Secular,provenance_016
118,http://cantusdatabase.org/source/123736,"Kielce, Biblioteka Kapituły Katedralnej, Ms. 1",Kielce,PL-KIk 1,14,14th century (1350-1375),Secular,provenance_074
119,http://cantusdatabase.org/source/123618,"Ljubljana, Nadškofijski arhiv (Archiepiscopal Archives), 18 (olim 17)",Kranj,SI-Lna 18 (olim 17),15,15th century (1475-1500),Secular,provenance_078
120,http://cantusbohemiae.cz/source/4478,Cz-Pu (Praha) XIV A 19,Prague,CZ-Pu Pu XIV A 19,14,14th century,Unknown,provenance_128
121,http://cantus.ispan.pl/source/4557,PL-Klk 1 Antyfonarz kielecki,Kielce,1,14,14th century,Unknown,provenance_074
122,http://cantus.ispan.pl/source/21018,PL-STAb 1 Antiphonarium,Staniątki,ms. 1,16,16th century,Unknown,provenance_221
123,http://cantus.ispan.pl/source/22868,D-B Theol. Lat. Qu. 149 Breviarium monasticum,Lubiń,Theol. Lat. Qu. 149,unknown,unknown,Unknown,provenance_247
124,http://cantusdatabase.org/source/123682,"München, Bayerische Staatsbibliothek, Clm 4304",Augsburg,D-Mbs Clm 4304,16,16th century (1500-1525),Monastic,provenance_016
125,http://cantusdatabase.org/source/123766,"Vercelli, Biblioteca Capitolare, CLXX",Arras,I-VCd CLXX,unknown,unknown,Secular,provenance_014
126,http://cantusdatabase.org/source/123710,"Kraków, Klastor OO. Karmelitów na Piasku (Carmelite Convent), Ms.4 (rkp. Perg. 20)",Kraków,PL-Kkar 4 (Rkp 20),15,15th century,Secular,provenance_077
127,http://cantusdatabase.org/source/123659,"Ljubljana, Nadškofijski arhiv (Archiepiscopal Archives), 19 (olim 18)",Kranj,SI-Lna 19 (olim 18),unknown,unknown,Secular,provenance_078
128,http://cantusdatabase.org/source/683940,"New York, Columbia University - Barnard College Library,  MS 1",Italy,US-NYcub Barnard 1,14,14th century,Secular,provenance_071
129,http://cantusdatabase.org/source/123594,"Bamberg, Staatsbibliothek, Msc.Lit.25 (olim Ed.IV.11)",Bamberg,D-BAs Msc.Lit.25,13,13th century,Secular,provenance_019
130,http://cantusdatabase.org/source/123622,"Mainz, Bischöfliches Dom- und Diözesanmuseum, C",Mainz,D-MZb C,15,15th century (1425-1450),Secular,provenance_090
131,http://cantusdatabase.org/source/123679,"Albi, Bibliothèque municipale Rochegude, 44",Albi,F-AI 44,unknown,unknown,Unknown,provenance_003
132,http://cantusdatabase.org/source/123712,"Wrocław, Zakład Narodowy im. Ossolińskich, Biblioteka, Rkp. 12025/IV",Kraków,PL-WRzno 12025/IV,unknown,unknown,Secular,provenance_077
133,http://cantusbohemiae.cz/source/2156,CZ-Pu (Praha) XIII C 4,"Praha, klášter sv. Jiří",CZ-Pu XIII C 4,14,14th century,Unknown,provenance_129
134,http://cantusbohemiae.cz/source/9136,CZ-Pu (Praha) XII C 3,St George's Convent in Prague (?),CZ-Pu XII C 3,13,13th century,Unknown,provenance_129
135,http://cantus.sk/source/14828,SK-Bra (Bratislava) Antiphonary of Bratislava I EC Lad.3,Bratislava,SK-Bra BAI ECLad.3,15,15th century,Unknown,provenance_224
136,http://cantus.sk/source/14018,SK-Bra (Bratislava) Antiphonary of Bratislava III EC Lad.6,Buda / Bratislava,SK-Bra BAIII ECLad.6,15,15th century,Unknown,unknown
137,http://cantusdatabase.org/source/123645,"Wien, Diözesanarchiv, C-11",Kirnberg,A-Wda C-11,15,15th century,Unknown,provenance_075
138,http://cantusdatabase.org/source/123664,"Tongeren, Onze-Lieve-Vrouw-Kerk (Our Lady's Church), 63 (olim V)",Tongeren,B-TO olv 63,14,14th century (1375-1400),Secular,provenance_186
139,http://cantusdatabase.org/source/123665,"Tongeren, Onze-Lieve-Vrouw-Kerk (Our Lady's Church), 64 (olim IV)",Tongeren,B-TO olv 64,14,14th century (1375-1400),Secular,provenance_186
140,http://cantusdatabase.org/source/123723,"Halifax (Canada), St. Mary’s University - Patrick Power Library, M2149.L4 1554",Salzinnes,CDN-Hsmu M2149.L4,16,16th century (1550-1575),Monastic,provenance_153
141,http://cantusdatabase.org/source/601861,"Köln, Erzbischöfliche Diözesan- und Dombibliothek, 1161",Köln,D-KNd 1161,unknown,unknown,Monastic,provenance_080
142,http://cantusdatabase.org/source/123624,"Mainz, Bischöfliches Dom- und Diözesanmuseum, E",Mainz,D-MZb E,15,15th century (1425-1450),Secular,provenance_090
143,http://cantusdatabase.org/source/123702,"København (Copenhagen), Det kongelige Bibliotek Slotsholmen, Gl. Kgl. S. 3449, 8o [14] XIV",Augsburg,DK-Kk 3449 8o [14] XIV,16,16th century (1575-1600),Secular,provenance_016
144,http://cantusdatabase.org/source/123600,"Budapest, Egyetemi Könyvtár (University Library), lat. 122",Franciscan,H-Bu lat. 122,14,14th century,Secular,provenance_146
145,http://cantusdatabase.org/source/123625,"Montecassino, Monumento Nazionale di Montecassino - Biblioteca, 542",Montecassino,I-MC 542,12,12th century,Secular,provenance_100
146,http://cantusdatabase.org/source/123708,"Kraków, Klastor OO. Karmelitów na Piasku (Carmelite Convent), Ms.2 (rkp. Perg. 14)",Kraków,PL-Kkar 2 (Rkp 14),unknown,unknown,Secular,provenance_077
147,http://cantusdatabase.org/source/123711,"Kraków, Klastor OO. Karmelitów na Piasku (Carmelite Convent), Ms.5 (rkp. Perg. 13)",Kraków,PL-Kkar 5 (Rkp 13),15,15th century,Secular,provenance_077
148,http://cantus.sk/source/2284,SK-BRsa (Bratislava) Slovenský národný archív - Antiphonary of Bratislava IV,Bratislava,SK-BRsa SNA 2,15,15th century,Unknown,provenance_224
149,http://cantus.sk/source/3192,SK-BRsa (Bratislava) Slovenský národný archív - Antiphonary of Bratislava IIb,Bratislava,SK-BRsa SNA 4,15,15th century,Unknown,provenance_224
150,http://musicahispanica.eu/source/20154,"E-E (San Lorenzo de El Escorial) E-E, L. III. 3.",San Juan de la Peña,"E-E E-E, L. III. 3.",12,12th century,Unknown,provenance_236
151,http://musicahispanica.eu/source/72835,GB-Lbl (London) Add MS 30847,Silos,GB-Lbl Add MS 30847,11,11th century,Unknown,provenance_235
152,http://musicahispanica.eu/source/22303,E-Gs (Girona) ms. 45,Colegiata de Sant Feliu de Girona,"E-Gs ms. 45 (olim Sant Feliu, 20)",12,12th century,Unknown,provenance_232
153,http://musmed.eu/source/23756,F-CH : Ms 0050,Collection Standish,F-CH Ms 0050,13,13th century,Unknown,unknown
154,http://musmed.eu/source/13535,F-Pn : NAL 01236,Nevers,F-Pn NAL 01236,12,12th century,Romanum,provenance_237
155,http://musmed.eu/source/13023,F-Pn : Lat. 904,Cathédrale de Rouen,F-Pn Lat. 904,13,13th century,Unknown,provenance_239
156,http://cantusdatabase.org/source/649450,"Praha (Prague), Strahovská knihovna (Library of the Royal Canonry of Premonstratensians at Strahov), DE I 7",Esztergom,CZ-Pst DE I 7,unknown,unknown,Secular,provenance_051
157,http://cantusdatabase.org/source/123621,"Mainz, Bischöfliches Dom- und Diözesanmuseum, B",Mainz,D-MZb B,15,15th century (1425-1450),Secular,provenance_090
158,http://cantusdatabase.org/source/123681,"München, Bayerische Staatsbibliothek, Clm 4303",Augsburg,D-Mbs Clm 4303,unknown,unknown,Monastic,provenance_016
159,http://cantusdatabase.org/source/123693,"København (Copenhagen), Det kongelige Bibliotek Slotsholmen, Gl. Kgl. S. 3449, 8o [05] V",Augsburg,DK-Kk 3449 8o [05] V,16,16th century (1575-1600),Secular,provenance_016
160,http://cantusdatabase.org/source/123636,"Salamanca, Catedral - Archivo Musical, 5",Salamanca,E-SA 5,14,14th century,Secular,provenance_151
161,http://cantusdatabase.org/source/123597,"Budapest, Egyetemi Könyvtár (University Library), lat. 118",Franciscan,H-Bu lat. 118,14,14th century,Secular,provenance_146
162,http://cantusdatabase.org/source/123720,"Dubrovnik, Franjevački Samostan (Franciscan Monastery), Cod. D Nr. 5",Venice,HR-Hf Cod. D,15,15th century (2nd half),Secular,provenance_199
163,https://pemdatabase.eu/source/47990,P-BRs (Braga) Arquivo da Sé Ms. 032,"Braga, Catedral",P-BRs Ms. 032,16,16th century (first quarter),Secular,provenance_218
164,http://cantus.ispan.pl/source/14457,"PL-PŁsem MsEPl 12 Antyfonarz z Płocka, pars de tempore",Płock,MsEPl 12,15,15th century,Unknown,provenance_220
165,http://musicahispanica.eu/source/20425,"E-H, Archivo de la Catedral de Huesca, ms. 7",Huesca,"E-H, Ms. 7 (ant. 5)",13,13th century,Unknown,provenance_228
166,http://musicahispanica.eu/source/22495,"E-H Archivo de la Catedral de Huesca, ms. 2",Auch,E-H Ms. 2,12,12th century,Unknown,provenance_251
167,http://musicahispanica.eu/source/20228,"E-Bbc (Barcelona) E-Bbc, M 705",Sant Cugat (Barcelona),"E-Bbc E-Bbc, M 705",14,14th century,Unknown,provenance_234
168,http://cantusdatabase.org/source/123598,"Budapest, Egyetemi Könyvtár (University Library), lat. 119",Franciscan,H-Bu lat. 119,14,14th century,Secular,provenance_146
169,http://cantusdatabase.org/source/123722,"Dubrovnik, Franjevački Samostan (Franciscan Monastery), Cod. F Nr. 6",Venice,HR-Hf Cod. F,15,15th century (2nd half),Secular,provenance_199
170,http://cantusdatabase.org/source/669163,"Sydney, University of Sydney, Fisher Library, Rare Books & Special Collections, Add. Ms. 413 (olim Add. Ms. Fol.1)",Spain,AUS-Sfl Add. Ms. 413,16,16th century (2nd half),Secular,provenance_163
171,http://cantusdatabase.org/source/123620,"Mainz, Bischöfliches Dom- und Diözesanmuseum, A",Mainz,D-MZb A,15,15th century (1425-1450),Secular,provenance_090
172,http://cantusdatabase.org/source/123690,"København (Copenhagen), Det kongelige Bibliotek Slotsholmen, Gl. Kgl. S. 3449, 8o [02] II",Augsburg,DK-Kk 3449 8o [02] II,16,16th century (1575-1600),Secular,provenance_016
173,http://cantusdatabase.org/source/123650,"Salamanca, Catedral - Archivo Musical, 6",Salamanca,E-SA 6,14,14th century,Secular,provenance_151
174,http://cantusdatabase.org/source/123719,"Dubrovnik, Franjevački Samostan (Franciscan Monastery), Cod. C Nr. 4",Venice,HR-Hf Cod. C,15,15th century (2nd half),Secular,provenance_199
175,http://cantusdatabase.org/source/123605,"Città del Vaticano (Roma), Biblioteca Apostolica Vaticana, Cappella Sistina 27",Rome (Roma),V-CVbav Capp.Sist. 27,unknown,unknown,Unknown,provenance_146
176,http://cantus.ispan.pl/source/13720,"PL-Wn  12720 V Antyfonarz opata Mścisława z Tyńca, pars de tempore",Tyniec, rps 12720 V,15,15th century,Unknown,provenance_227
177,https://pemdatabase.eu/source/48357,"E-SAu (Salamanca) Universidad, Archivo y Biblioteca Ms 2637",Astorga?,E-SAu Ms 2637,12,12th century (second half),Unknown,unknown
178,http://cantusbohemiae.cz/source/9190,CZ-Pu (Praha) XII E 15c,St George's Convent in Prague,CZ-Pu XII E 15c,14,14th century,Monastic,provenance_129
179,http://cantusbohemiae.cz/source/22179,CZ-Pu (Praha) XIII C 1a,St George's Convent in Prague,CZ-Pu XIII C 1a,unknown,unknown,Monastic,provenance_129
180,http://cantusdatabase.org/source/123619,"London (Canada), University of Western Ontario - Music Library, M2150",Burgos (?),CDN-Lu M2150,16,16th century,Secular,provenance_028
181,http://cantusdatabase.org/source/680970,"Montréal, McGill University - Rare Books and Special Collections - Manuscript Collection, MS Medieval 0073",Dominican,CDN-Mlr MS Medieval 0073,unknown,unknown,Secular,provenance_042
182,http://cantusdatabase.org/source/123695,"København (Copenhagen), Det kongelige Bibliotek Slotsholmen, Gl. Kgl. S. 3449, 8o [07] VII",Augsburg,DK-Kk 3449 8o [07] VII,16,16th century (1575-1600),Secular,provenance_016
183,https://pemdatabase.eu/source/47612,P-BRs (Braga) Arquivo da Sé Ms. 034,"Braga, Catedral",P-BRs Ms. 034,16,1510-1515,Unknown,provenance_218
184,http://cantus.sk/source/12363,SK-Bra (Bratislava) Antiphonary of Bratislava IIa EC Lad.4,Bratislava,SK-Bra BAIIa EC Lad.4,15,15th century,Unknown,provenance_224
185,http://cantusdatabase.org/source/123705,"København (Copenhagen), Det kongelige Bibliotek Slotsholmen, Gl. Kgl. S. 3449, 8o [17] XVII",Augsburg,DK-Kk 3449 8o [17] XVII,16,16th century (1575-1600),Secular,provenance_016
186,http://cantusdatabase.org/source/123629,"Paris, Bibliothèque nationale de France - Département des Manuscrits, Latin 1240",St-Martial,F-Pn Lat. 1240,10,10th century,Unknown,provenance_176
187,http://musmed.eu/source/11602,F-LA : Ms 0263,A l’usage de la cathédrale Notre-Dame de Laon,F-LA Ms 0263,12,12th century,Unknown,provenance_240
188,http://cantusdatabase.org/source/123698,"København (Copenhagen), Det kongelige Bibliotek Slotsholmen, Gl. Kgl. S. 3449, 8o [10] X",Augsburg,DK-Kk 3449 8o [10] X,16,16th century (1575-1600),Secular,provenance_016
189,http://musmed.eu/source/14251,F-SO : Ms 0334,Cluny,F-SO Ms 0334,13,13th century,Monastic,provenance_223
190,http://cantus.ispan.pl/source/21623,PL-STAb 2 Antiphonarium,Staniątki,ms. 2,16,16th century,Unknown,provenance_221
191,http://cantusdatabase.org/source/123696,"København (Copenhagen), Det kongelige Bibliotek Slotsholmen, Gl. Kgl. S. 3449, 8o [08] VIII",Augsburg,DK-Kk 3449 8o [08] VIII,16,16th century (1575-1600),Secular,provenance_016
192,http://cantusdatabase.org/source/123703,"København (Copenhagen), Det kongelige Bibliotek Slotsholmen, Gl. Kgl. S. 3449, 8o [15] XV",Augsburg,DK-Kk 3449 8o [15] XV,16,16th century (1575-1600),Secular,provenance_016
193,https://pemdatabase.eu/source/62867,P-AR (Arouca) Museu Regional de Arte Sacra do Mosteiro de Arouca Res. Ms. 021,"Arouca, Mosteiro de Santa Maria",P-AR Res. Ms. 021,13,c. 1200,Monastic,provenance_241
194,http://musicahispanica.eu/source/23205,"E-TZ, Archivo de Música de la Catedral de Tarazona, Ms. 18",Tarazona,"E-TZ, Ms. 18",15,15th century,Unknown,provenance_238
195,http://musicahispanica.eu/source/27599,"E-BAR, Archivo Diocesano de Barbastro, Antifonario s.s.",Barbastro,"E-BAR, s.s.",15,15th century,Unknown,provenance_229
196,http://cantusbohemiae.cz/source/9308,CZ-Pu (Praha) XXIII D 156 ,St George's convent in Prague,CZ-Pu XXIII D 156 ,13,13th century,Monastic,provenance_129
197,http://cantusbohemiae.cz/source/9194,CZ-Pu (Praha) XIV G 46,St George's Convent in Prague,CZ-Pu XIV G 46,14,14th century,Monastic,provenance_129
198,http://cantusdatabase.org/source/123697,"København (Copenhagen), Det kongelige Bibliotek Slotsholmen, Gl. Kgl. S. 3449, 8o [09] IX",Augsburg,DK-Kk 3449 8o [09] IX,16,16th century (1575-1600),Secular,provenance_016
199,http://cantusdatabase.org/source/123704,"København (Copenhagen), Det kongelige Bibliotek Slotsholmen, Gl. Kgl. S. 3449, 8o [16] XVI",Augsburg,DK-Kk 3449 8o [16] XVI,16,16th century (1575-1600),Secular,provenance_016
200,http://cantusdatabase.org/source/669030,"Chicago, Art Institute of Chicago, Mrs. William E. Kelley Collection, 1911.142b",Dominican,US-Cai 1911.142b,unknown,unknown,Monastic,provenance_042
201,http://musmed.eu/source/12990,F-Pn : Lat. 780,Cathédrale d'Arles; Colbert 1686; Regius 3880b,F-Pn Lat. 780,11,11th century,Unknown,provenance_249
202,http://musicahispanica.eu/source/20426,"E-H, Archivo de la Catedral de Huesca, ms. 8",Huesca,"E-H, ms. 8",13,13th century,Unknown,provenance_228
203,http://cantusdatabase.org/source/589026,"New York, Columbia University - Rare Book and Manuscript Library, Plimpton MS 041",Italy,US-NYcub Plimpton MS 041,15,15th century (1450-1475),Monastic,provenance_071
204,http://cantusdatabase.org/source/123700,"København (Copenhagen), Det kongelige Bibliotek Slotsholmen, Gl. Kgl. S. 3449, 8o [12] XII",Augsburg,DK-Kk 3449 8o [12] XII,16,16th century (1575-1600),Secular,provenance_016
205,http://cantusdatabase.org/source/123701,"København (Copenhagen), Det kongelige Bibliotek Slotsholmen, Gl. Kgl. S. 3449, 8o [13] XIII",Augsburg,DK-Kk 3449 8o [13] XIII,16,16th century (1575-1600),Secular,provenance_016
206,http://musmed.eu/source/13399,F-Pn : Lat. 12584,Saint-Maur-des-Fossés,F-Pn Lat. 12584,11,11th century,Monastic,provenance_197
207,http://musmed.eu/source/13502,F-Pn : Lat. 17436,Abbaye Saint-Corneille de Compiègne,F-Pn Lat. 17436,9,9th century,Romanum,provenance_233
208,http://cantusdatabase.org/source/123691,"København (Copenhagen), Det kongelige Bibliotek Slotsholmen, Gl. Kgl. S. 3449, 8o [03] III",Augsburg,DK-Kk 3449 8o [03] III,16,16th century (1575-1600),Secular,provenance_016
209,http://cantusdatabase.org/source/123692,"København (Copenhagen), Det kongelige Bibliotek Slotsholmen, Gl. Kgl. S. 3449, 8o [04] IV",Augsburg,DK-Kk 3449 8o [04] IV,16,16th century (1575-1600),Secular,provenance_016
210,http://musmed.eu/source/13534,F-Pn : NAL 01235,Nevers,F-Pn NAL 01235,12,12th century,Unknown,provenance_237
211,http://cantusbohemiae.cz/source/9189,CZ-Pu (Praha) XII E 15b,St George's Convent in Prague,CZ-Pu XII E 15b,14,14th century,Monastic,provenance_129
212,http://cantusdatabase.org/source/123652,"Salamanca, Catedral - Archivo Musical, 8",Salamanca,E-SA 8,14,14th century,Secular,provenance_151
213,http://musmed.eu/source/14915,V-CVbav : Vat.lat.05319,Latran,V-CVbav Vat.lat.05319,12,12th century,Unknown,provenance_146
214,http://cantusdatabase.org/source/123657,"Den Haag, Koninklijke Bibliotheek - Nationale Bibliotheek van Nederland, 70 E 4",Tongeren,NL-DHk 70 E 4,12,12th century,Secular,provenance_186
215,https://pemdatabase.eu/source/62421,P-AR (Arouca) Museu Regional de Arte Sacra do Mosteiro de Arouca Res. L 005,"Arouca, Mosteiro de Santa Maria",P-AR Res. L 005,16,1513,Unknown,provenance_241
216,http://cantus.ispan.pl/source/14397,"PL-GD Mar. F 408 Antiphonarium, prima pars",St. Mary Church in Gdańsk,Mar. F 408,16,16th century,Unknown,provenance_255
217,http://musicahispanica.eu/source/19872,E-Mn (Madrid) Mss. 1361,Toledo (Catalunya). Procedente de la biblioteca de F. A. Barbieri,E-Mn Mss/1361,14,14th century,Unknown,provenance_185
218,http://musmed.eu/source/13509,F-Pn : Lat. 17991,Jacobins de la rue Saint-Jacques,F-Pn Lat. 17991,11,11th century,Romanum,provenance_121
219,http://cantusdatabase.org/source/678936,"Montréal, McGill University - Rare Books and Special Collections - Manuscript Collection, MS Medieval 0234",Germany,CDN-Mlr MS Medieval 0234,16,16th century (1575-1600),Secular,provenance_060
220,http://musmed.eu/source/9475,F-Col_part : Mont-Renaud,"Noyon, St-Éloi",F-Col_part Mont-Renaud,10,10th century,Unknown,unknown
221,http://musmed.eu/source/15154,D-W : Cod Guelf Helmst 1008,"Minden, pour l'usage de l'évêque Siegbert",D-W Cod Guelf Helmst 1008,11,11th century,Unknown,provenance_252
222,http://cantusbohemiae.cz/source/28509,CZ-Pn (Praha) XV A 10,Prague,CZ-Pn XV A 10,14,14th century,Secular,provenance_128
223,http://cantusbohemiae.cz/source/9147,CZ-Pu (Praha) VI G 3a,St George's Convent in Prague,CZ-Pu VI G 3a,14,14th century,Monastic,provenance_129
224,http://cantusbohemiae.cz/source/37034,CZ-Pn (Praha) XII A 21,Kolín,CZ-Pn XII A 21,15,15th century,Secular,provenance_248
225,http://musicahispanica.eu/source/96055,E-Lc (León) Cod. LIV,unknown,E-Lc Ms. LIV,15,15th century,Unknown,unknown
226,http://musicahispanica.eu/source/20340,E-Tc Archivo y Biblioteca Capitulares de la Catedral de Toledo,unknown,E-Tc Ms. 33.4,14,14th century,Unknown,unknown
227,http://musicahispanica.eu/source/20229,E-Bbc (Barcelona) E-Bbc M 706,unknown,E-Bbc M 706,15,15th century,Unknown,unknown
228,http://cantusdatabase.org/source/123707,"Oxford, Bodleian Library, MS. Laud Misc. 284",Würzburg,GB-Ob MS. Laud Misc. 284,12,12th century,Secular,provenance_213
229,http://musicahispanica.eu/source/20227,"E-Bbc (Barcelona) E-Bbc, M 663",Barcelona,E-Bbc M 663,15,15th century,Unknown,provenance_234
230,http://cantusdatabase.org/source/694888,"Toronto, University of Toronto - Thomas Fisher Rare Book Library, MSS 09700",Firenze,CDN-Ttfl MSS 09700,15,15th century,Secular,provenance_052
231,http://musicahispanica.eu/source/20238,"E-Bbc (Barcelona) E-Bbc, M 1327",Convento de las clarisas de la Santísima Trinidad (Valencia),E-Bbc M 1327,15,15th century,Unknown,provenance_250
232,http://musmed.eu/source/12848,F-Pa : Ms 0135,"Angleterre, Londres",F-Pa : Ms 0135,13,13th century (1260),Unknown,provenance_256
233,http://musicahispanica.eu/source/94494,B-Br (Bruselas) IV/473,unknown,B-Br Ms IV/473,14,14th century,Unknown,unknown
234,http://austriamanus.org/source/4399,A-KN CCl 272 Antiphonarium (Fragm.),Klosterneuburg,A-KN CCl. 272,12,12th century,Unknown,provenance_076
235,http://cantusbohemiae.cz/source/33177,CZ-Pn (Praha) XII A 24,Pilsen,Cz-Pn XII A 24,15,15th century,Unknown,provenance_222
236,http://musmed.eu/source/9070,F-CA : Ms 0060 (61),Cambrai,F-CA : Ms 0060 (61),11,11th century,Unknown,provenance_029
237,http://musicahispanica.eu/source/95215,E-BAR (Huesca) 95,unknown,E-BAR Cj. 95,15,15th century,Unknown,unknown
238,http://cantusdatabase.org/source/123634,"Piacenza, Archivio e Biblioteca Capitolare della Cattedrale, cod. 65",Piacenza,I-PCd cod. 65,unknown,unknown,Secular,provenance_124
239,http://musicahispanica.eu/source/20226,E-Bbc (Barcelona) M662,Barcelona, E-Bbc M 662,15,15th century,Unknown,provenance_234
240,http://musmed.eu/source/9076,F-CA : Ms 0078 (79),Cambrai,F-CA : Ms 0078 (79),11,11th century,Unknown,provenance_029
241,http://cantusdatabase.org/source/123593,"Arras, Mediathèque de l'Abbaye Saint-Vaast, 465 (CGM 893)",Arras,F-AS 465 (CGM 893),14,14th century,Monastic,provenance_014
242,http://musicahispanica.eu/source/20248,E-Bbc (Barcelona) E-Bbc Ms. 2545,Cataluña o sur de Francia (?),E-Bbc Ms. 2545,15,15th century,Unknown,unknown
243,http://musicahispanica.eu/source/20241,E-Bbc (Barcelona) E-Bbc M 3701,Canónica de Sant Martí Sacosta (Girona),E-Bbc M 3701,15,15th century,Unknown,provenance_253
244,http://cantusdatabase.org/source/123687,"Oxford, Bodleian Library, MS. Canon. Liturg. 202",Germany,GB-Ob MS. Canon. Liturg. 202,13,13th century,Unknown,provenance_060
245,https://pemdatabase.eu/source/46520,P-Cua Liber Catenatus,Coimbra,P-Cua Liber Catenatus,14,14th century,Unknown,provenance_242
246,https://pemdatabase.eu/source/74864,P-EVpc 000,unknown,P-EVpc 000,16,16th century,Monastic,unknown
247,https://pemdatabase.eu/source/97935,P-Ln RES. 253 P.,Évora,P-Ln RES. 253 P.,16,1528,Monastic,provenance_257
248,https://pemdatabase.eu/source/105632,P-EVc cód. perg. lit. 005,unknown,P-EVc cód. perg. lit. 005,unknown,unknown,Unknown,unknown
249,https://pemdatabase.eu/source/118348,P-Ln L.C. 259,unknown,P-Ln L.C. 259,unknown,unknown,Unknown,unknown
